"Name","Runtime","Notes","Tags","catch_dropout","insert_dropout","learning_rate","max_train_steps","model_name_or_path","num_warmup_steps","training_size","use_modded","accuracy","epoch","eval_loss","train_loss"
"sweep_12a_00_modded/run_64","221","-","gen_12","0","0.1","0.00001","1160","bert-base-cased","230","1","","0.8553921568627451","13","0.8039618219648089","0.0184482767664153"
"sweep_12a_00_modded/run_68","127","-","gen_12, param_config_f","0.02","0.1","0.00001","1160","bert-base-cased","230","1","","0.8553921568627451","7","0.7988084384373256","0.04556092722662564"
"sweep_12a_00_modded/run_31","256","-","gen_12","0.02","0.15","0.000005","2900","bert-base-cased","575","1","","0.8455882352941176","15","0.710803644997733","0.06280988249285467"
"sweep_12a_00_modded/run_28","174","-","gen_12, param_config_b","0.02","0.15","0.00001","1160","bert-base-cased","230","1","","0.8529411764705882","10","0.6962996210370745","0.04001593589782715"
"sweep_12a_00_modded/run_02","203","-","gen_12","0","0.1","0.00001","2900","bert-base-cased","575","1","","0.8382352941176471","12","0.7216996465410505","0.013635042412527675"
"sweep_12a_00_modded/run_78","240","-","gen_12, param_config_a","0.02","0.15","0.00001","2900","bert-base-cased","575","1","","0.8455882352941176","14","0.7297497476850238","0.07155010618012526"
"sweep_12a_00_modded/run_72","320","-","gen_12, param_config_d","0","0.15","0.00001","1160","bert-base-cased","230","1","","0.8480392156862745","19","0.9682312692914692","0.06890077015449261"
"sweep_12a_00_modded/run_77","256","-","gen_12","0.02","0.15","0.000005","1160","bert-base-cased","230","1","","0.8431372549019608","15","0.7511813299996513","0.15452238609050883"
"sweep_12a_00_modded/run_40","240","-","gen_12, param_config_d","0","0.15","0.00001","1160","bert-base-cased","230","1","","0.8333333333333334","14","0.7070888791765485","0.032949593560449006"
"sweep_12a_00_modded/run_47","251","-","gen_12","0.02","0.15","0.000005","2900","bert-base-cased","575","1","","0.821078431372549","15","0.7354143687656948","0.10666007831178864"
"sweep_12a_00_modded/run_20","238","-","gen_12, param_config_f","0.02","0.1","0.00001","1160","bert-base-cased","230","1","","0.8504901960784313","14","0.7243284497942243","0.005038053311150649"
"sweep_12a_00_modded/run_45","221","-","gen_12","0.02","0.15","0.000005","1160","bert-base-cased","230","1","","0.8406862745098039","13","0.5805143628801618","0.06189096796101537"
"sweep_12a_00_modded/run_24","239","-","gen_12, param_config_d","0","0.15","0.00001","1160","bert-base-cased","230","1","","0.8382352941176471","14","0.7644860403878349","0.03688421742669467"
"sweep_12a_00_modded/run_16","142","-","gen_12","0","0.1","0.00001","1160","bert-base-cased","230","1","","0.8333333333333334","8","0.629598753792899","0.023253344256302405"
"sweep_12a_00_modded/run_42","556","-","gen_12, param_config_c","0","0.15","0.00001","2900","bert-base-cased","575","1","","0.8480392156862745","34","0.8524258477347237","0.017790003069515885"
"sweep_12a_00_modded/run_32","316","-","gen_12","0","0.1","0.00001","1160","bert-base-cased","230","1","","0.8529411764705882","19","0.6782274927411761","0.008999900571231184"
"sweep_12a_00_modded/run_30","206","-","gen_12, param_config_a","0.02","0.15","0.00001","2900","bert-base-cased","575","1","","0.8431372549019608","12","0.6845949036734444","0.08408480677111395"
"sweep_12a_00_modded/run_36","320","-","gen_12, param_config_f","0.02","0.1","0.00001","1160","bert-base-cased","230","1","","0.8406862745098039","19","0.6433218547276088","0.010253779847046424"
"sweep_12a_00_modded/run_79","251","-","gen_12","0.02","0.15","0.000005","2900","bert-base-cased","575","1","","0.8455882352941176","15","0.7544957569667271","0.1385716076554923"
"sweep_12a_00_modded/run_76","144","-","gen_12, param_config_b","0.02","0.15","0.00001","1160","bert-base-cased","230","1","","0.8480392156862745","8","0.7752359935215541","0.09440500160743452"
"sweep_12a_00_modded/run_03","296","-","gen_12","0","0.1","0.000005","2900","bert-base-cased","575","1","","0.8382352941176471","18","0.726449693952288","0.008838898149029962"
"sweep_12a_00_modded/run_43","240","-","gen_12","0","0.15","0.000005","2900","bert-base-cased","575","1","","0.8308823529411765","14","0.5997042655944824","0.06568459395704598"
"sweep_12a_00_modded/run_29","174","-","gen_12","0.02","0.15","0.000005","1160","bert-base-cased","230","1","","0.8333333333333334","10","0.574847902570452","0.09805916917735132"
"sweep_12a_00_modded/run_26","188","-","gen_12, param_config_c","0","0.15","0.00001","2900","bert-base-cased","575","1","","0.8308823529411765","11","0.6898717880249023","0.056403957564255286"
"sweep_12a_00_modded/run_39","301","-","gen_12","0.02","0.1","0.000005","2900","bert-base-cased","575","1","","0.8308823529411765","18","0.6703275271824428","0.03338778018951416"
"sweep_12a_00_modded/run_14","348","-","gen_12, param_config_a","0.02","0.15","0.00001","2900","bert-base-cased","575","1","","0.8406862745098039","21","0.954673971448626","0.023071032145927692"
"sweep_12a_00_modded/run_27","377","-","gen_12","0","0.15","0.000005","2900","bert-base-cased","575","1","","0.8382352941176471","23","0.7555040631975446","0.05343199187311633"
"sweep_12a_00_modded/run_10","267","-","gen_12, param_config_c","0","0.15","0.00001","2900","bert-base-cased","575","1","","0.8382352941176471","16","0.7227216448102679","0.02926718366557154"
"sweep_12a_00_modded/run_15","301","-","gen_12","0.02","0.15","0.000005","2900","bert-base-cased","575","1","","0.8308823529411765","18","0.7291457312447684","0.043919904478665055"
"sweep_12a_00_modded/run_33","205","-","gen_12","0","0.1","0.000005","1160","bert-base-cased","230","1","","0.821078431372549","12","0.5877857208251953","0.03236632922600056"
"sweep_12a_00_modded/run_75","398","-","gen_12","0","0.15","0.000005","2900","bert-base-cased","575","1","","0.821078431372549","24","0.8778775078909737","0.14432977807932887"
"sweep_12a_00_modded/run_46","174","-","gen_12, param_config_a","0.02","0.15","0.00001","2900","bert-base-cased","575","1","","0.8406862745098039","10","0.6357029506138393","0.05971714134874015"
"sweep_12a_00_modded/run_41","158","-","gen_12","0","0.15","0.000005","1160","bert-base-cased","230","1","","0.8308823529411765","9","0.5282987526484898","0.09518619241385624"
"sweep_12a_00_modded/run_37","272","-","gen_12","0.02","0.1","0.000005","1160","bert-base-cased","230","1","","0.8382352941176471","16","0.6078651291983468","0.03370040244069593"
"sweep_12a_00_modded/run_18","189","-","gen_12","0","0.1","0.00001","2900","bert-base-cased","575","1","","0.8284313725490197","11","0.7037640980311802","0.021063124311381375"
"sweep_12a_00_modded/run_21","316","-","gen_12","0.02","0.1","0.000005","1160","bert-base-cased","230","1","","0.8382352941176471","19","0.7059435163225446","0.03318880755325843"
"sweep_12a_00_modded/run_06","205","-","gen_12, param_config_e","0.02","0.1","0.00001","2900","bert-base-cased","575","1","","0.8284313725490197","12","0.7455178669520787","0.006108000874519348"
"sweep_12a_00_modded/run_08","316","-","gen_12, param_config_d","0","0.15","0.00001","1160","bert-base-cased","230","1","","0.8357843137254902","19","0.7545245034354073","0.02793342902742583"
"sweep_12a_00_modded/run_11","173","-","gen_12","0","0.15","0.000005","2900","bert-base-cased","575","1","","0.821078431372549","10","0.6619060380118233","0.08198932121539938"
"sweep_12a_00_modded/run_17","174","-","gen_12","0","0.1","0.000005","1160","bert-base-cased","230","1","","0.8382352941176471","10","0.5997306959969657","0.04759462126370134"
"sweep_12a_00_modded/run_25","298","-","gen_12","0","0.15","0.000005","1160","bert-base-cased","230","1","","0.8308823529411765","18","0.5984893526349749","0.06903970652613146"
"sweep_12a_00_modded/run_38","318","-","gen_12, param_config_e","0.02","0.1","0.00001","2900","bert-base-cased","575","1","","0.8357843137254902","19","0.8299146379743304","0.015202361961890912"
"sweep_12a_00_modded/run_12","156","-","gen_12, param_config_b","0.02","0.15","0.00001","1160","bert-base-cased","230","1","","0.821078431372549","9","0.7329869270324707","0.03778417768149541"
"sweep_12a_00_modded/run_00","184","-","gen_12","0","0.1","0.00001","1160","bert-base-cased","230","1","","0.8308823529411765","12","0.7232364927019391","0.00885752665585485"
"sweep_12a_00_modded/run_01","152","-","gen_12","0","0.1","0.000005","1160","bert-base-cased","230","1","","0.8186274509803921","9","0.5311791556222099","0.03558815347737279"
"sweep_12a_00_modded/run_22","177","-","gen_12, param_config_e","0.02","0.1","0.00001","2900","bert-base-cased","575","1","","0.8161764705882353","10","0.927208355494908","0.03969883918762207"
"sweep_12a_00_modded/run_34","286","-","gen_12","0","0.1","0.00001","2900","bert-base-cased","575","1","","0.8308823529411765","17","0.8301510810852051","0.005993890351262586"
"sweep_12a_00_modded/run_09","156","-","gen_12","0","0.15","0.000005","1160","bert-base-cased","230","1","","0.8259803921568627","9","0.5314808232443673","0.08760300175897007"
"sweep_12a_00_modded/run_23","235","-","gen_12","0.02","0.1","0.000005","2900","bert-base-cased","575","1","","0.8308823529411765","14","0.7619928632463727","0.027619197450835128"
"sweep_12a_00_modded/run_74","398","-","gen_12, param_config_c","0","0.15","0.00001","2900","bert-base-cased","575","1","","0.8284313725490197","24","1.1134217126028878","0.04858908159979459"
"sweep_12a_00_modded/run_35","251","-","gen_12","0","0.1","0.000005","2900","bert-base-cased","575","1","","0.8308823529411765","15","0.6255336488996234","0.030288112574610216"
"sweep_12a_00_modded/run_56","283","-","gen_12, param_config_d","0","0.15","0.00001","1160","bert-base-cased","230","1","","0.8161764705882353","17","1.044863155909947","0.04360635116182525"
"sweep_12a_00_modded/run_70","402","-","gen_12, param_config_e","0.02","0.1","0.00001","2900","bert-base-cased","575","1","","0.8088235294117647","24","1.2299728393554688","0.014487369307156267"
"sweep_12a_00_modded/run_13","317","-","gen_12","0.02","0.15","0.000005","1160","bert-base-cased","230","1","","0.8235294117647058","19","0.6869476863316127","0.05042285754762847"
"sweep_12a_00_modded/run_07","206","-","gen_12","0.02","0.1","0.000005","2900","bert-base-cased","575","1","","0.821078431372549","12","0.6927264758518764","0.018942074529055893"
"sweep_12a_00_modded/run_19","302","-","gen_12","0","0.1","0.000005","2900","bert-base-cased","575","1","","0.821078431372549","18","0.9424290657043456","0.038133674654467355"
"sweep_12a_00_modded/run_69","190","-","gen_12","0.02","0.1","0.000005","1160","bert-base-cased","230","1","","0.8235294117647058","11","0.7878445216587612","0.0967384042411015"
"sweep_12a_00_modded/run_44","205","-","gen_12, param_config_b","0.02","0.15","0.00001","1160","bert-base-cased","230","1","","0.8259803921568627","12","0.6971456663949149","0.03748166561126709"
"sweep_12a_00_modded/run_04","174","-","gen_12, param_config_f","0.02","0.1","0.00001","1160","bert-base-cased","230","1","","0.8259803921568627","10","0.8069065638950893","0.011689122380881474"
"sweep_12a_00_modded/run_71","241","-","gen_12","0.02","0.1","0.000005","2900","bert-base-cased","575","1","","0.8235294117647058","14","0.7653512273515973","0.05246771204060521"
"sweep_12a_00_modded/run_52","157","-","gen_12, param_config_f","0.02","0.1","0.00001","1160","bert-base-cased","230","1","","0.8088235294117647","9","0.9446562358311243","0.07467882386569319"
"sweep_12a_00_modded/run_67","270","-","gen_12","0","0.1","0.000005","2900","bert-base-cased","575","1","","0.7941176470588235","16","0.8304638862609863","0.06450627178981386"
"sweep_12a_00_modded/run_66","258","-","gen_12","0","0.1","0.00001","2900","bert-base-cased","575","1","","0.8161764705882353","15","0.8824536459786552","0.04442787170410156"
"sweep_12a_00_modded/run_60","239","-","gen_12, param_config_b","0.02","0.15","0.00001","1160","bert-base-cased","230","1","","0.8161764705882353","14","0.9273737498692104","0.060965057077078985"
"sweep_12a_00_modded/run_65","162","-","gen_12","0","0.1","0.000005","1160","bert-base-cased","230","1","","0.8112745098039216","9","0.6423959050859723","0.10801675401884936"
"sweep_12a_00_modded/run_50","236","-","gen_12","0","0.1","0.00001","2900","bert-base-cased","575","1","","0.8112745098039216","14","0.9817355700901575","0.03490632566912421"
"sweep_12a_00_modded/run_05","172","-","gen_12","0.02","0.1","0.000005","1160","bert-base-cased","230","1","","0.8137254901960784","10","0.6752320017133441","0.03023908672661617"
"sweep_12a_00_modded/run_48","271","-","gen_12","0","0.1","0.00001","1160","bert-base-cased","230","1","","0.8161764705882353","16","1.055504867008754","0.011669061307249396"
"sweep_12a_00_modded/run_73","320","-","gen_12","0","0.15","0.000005","1160","bert-base-cased","230","1","","0.8112745098039216","19","0.911398002079555","0.14248007741467705"
"sweep_12a_00_modded/run_53","316","-","gen_12","0.02","0.1","0.000005","1160","bert-base-cased","230","1","","0.8063725490196079","19","0.9440886633736748","0.07274840618002004"
"sweep_12a_00_modded/run_58","171","-","gen_12, param_config_c","0","0.15","0.00001","2900","bert-base-cased","575","1","","0.803921568627451","10","0.8789316586085728","0.1366692247061894"
"sweep_12a_00_modded/run_51","221","-","gen_12","0","0.1","0.000005","2900","bert-base-cased","575","1","","0.7941176470588235","13","0.9307469640459332","0.10031417320514548"
"sweep_12a_00_modded/run_54","379","-","gen_12, param_config_e","0.02","0.1","0.00001","2900","bert-base-cased","575","1","","0.8014705882352942","23","1.0485288075038366","0.04002699769776443"
"sweep_12a_00_modded/run_59","301","-","gen_12","0","0.15","0.000005","2900","bert-base-cased","575","1","","0.7965686274509803","18","1.142704895564488","0.14635942722189016"
"sweep_12a_00_modded/run_49","284","-","gen_12","0","0.1","0.000005","1160","bert-base-cased","230","1","","0.7892156862745098","17","0.987895965576172","0.06538197089885843"
"sweep_12a_00_modded/run_57","284","-","gen_12","0","0.15","0.000005","1160","bert-base-cased","230","1","","0.7965686274509803","17","0.9348719460623603","0.16041116056771115"
"sweep_12a_00_modded/run_55","336","-","gen_12","0.02","0.1","0.000005","2900","bert-base-cased","575","1","","0.7916666666666666","20","1.103102139064244","0.07389965550652866"
"sweep_12a_00_modded/run_62","159","-","gen_12, param_config_a","0.02","0.15","0.00001","2900","bert-base-cased","575","1","","0.7647058823529411","9","0.8292803764343262","0.14682792795115504"
"sweep_12a_00_modded/run_63","274","-","gen_12","0.02","0.15","0.000005","2900","bert-base-cased","575","1","","0.7867647058823529","16","1.0403613362993511","0.10807797826569655"
"sweep_12a_00_modded/run_61","290","-","gen_12","0.02","0.15","0.000005","1160","bert-base-cased","230","1","","0.7867647058823529","17","0.9562385422842844","0.18084118284028153"
"sweep_12a_02_modded/run_014","445","-","gen_12","0","0.15","0.00001","1950","bert-base-cased","390","1","","0.6678700361010831","27","1.1935629844665527","0.07345942961863983"
"sweep_12a_02_modded/run_011","331","-","gen_12","0","0.15","0.00001","1950","bert-base-cased","390","1","","0.6425992779783394","20","1.4713122367858886","0.06384460742657001"
"sweep_12a_02_modded/run_008","236","-","gen_12","0.02","0.1","0.00001","780","bert-base-cased","156","1","","0.6606498194945848","15","1.2367337226867676","0.034852293821481556"
"sweep_12a_02_modded/run_011","649","-","gen_12","0.02","0.1","0.000005","1950","bert-base-cased","390","1","","0.6750902527075813","40","1.4500046730041505","0.04448574628585424"
"sweep_12a_02_modded/run_008","221","-","gen_12","0.02","0.1","0.000005","780","bert-base-cased","156","1","","0.6823104693140795","14","1.063505744934082","0.05528790522844364"
"sweep_12a_02_modded/run_007","225","-","gen_12","0.02","0.1","0.00001","1950","bert-base-cased","390","1","","0.6462093862815884","14","1.3325422286987303","0.03447967309218187"
"sweep_12a_02_modded/run_003","234","-","gen_12","0","0.1","0.000005","780","bert-base-cased","156","1","","0.6895306859205776","15","1.040714645385742","0.09403515473390237"
"sweep_12a_02_modded/run_005","236","-","gen_12","0","0.1","0.00001","1950","bert-base-cased","390","1","","0.6353790613718412","15","1.4435383796691894","0.04152957292703482"
"sweep_12a_02_modded/run_017","422","-","gen_12","0.02","0.15","0.000005","1950","bert-base-cased","390","1","","0.6642599277978339","25","1.1863812446594235","0.11434150353456154"
"sweep_12a_02_modded/run_003","296","-","gen_12","0","0.1","0.00001","780","bert-base-cased","156","1","","0.6714801444043321","19","1.2923233032226562","0.017913051140614044"
"sweep_12a_02_modded/run_009","167","-","gen_12","0.02","0.1","0.00001","1950","bert-base-cased","390","1","","0.6534296028880866","10","1.2741469383239743","0.055625646542280145"
"sweep_12a_02_modded/run_005","222","-","gen_12","0.02","0.1","0.00001","780","bert-base-cased","156","1","","0.6642599277978339","14","1.265389919281006","0.0392529200284909"
"sweep_12a_02_modded/run_015","328","-","gen_12","0.02","0.15","0.00001","780","bert-base-cased","156","1","","0.6823104693140795","19","1.2667166709899902","0.04937411271608793"
"sweep_12a_02_modded/run_001","205","-","gen_12","0","0.1","0.00001","780","bert-base-cased","156","1","","0.6642599277978339","13","1.2014547348022462","0.04676595100989708"
"sweep_12a_02_modded/run_009","202","-","gen_12","0","0.15","0.00001","780","bert-base-cased","156","1","","0.6462093862815884","12","1.2693156242370605","0.0964655203697009"
"sweep_12a_02_modded/run_010","263","-","gen_12","0.02","0.1","0.000005","1950","bert-base-cased","390","1","","0.6678700361010831","16","1.2115617752075196","0.060946048834385015"
"sweep_12a_02_modded/run_004","251","-","gen_12","0","0.1","0.00001","780","bert-base-cased","156","1","","0.6498194945848376","16","1.2343666076660156","0.047584289159530245"
"sweep_12a_02_modded/run_013","193","-","gen_12","0.02","0.15","0.00001","780","bert-base-cased","156","1","","0.6534296028880866","11","1.258734130859375","0.08277128904293744"
"sweep_12a_02_modded/run_015","207","-","gen_12","0","0.15","0.000005","1950","bert-base-cased","390","1","","0.6498194945848376","12","1.1821617126464845","0.1588158240685096"
"sweep_12a_02_modded/run_019","290","-","gen_12","0.02","0.15","0.000005","1950","bert-base-cased","390","1","","0.6534296028880866","17","1.2881130218505858","0.0836792053320469"
"sweep_12a_02_modded/run_012","201","-","gen_12","0","0.15","0.00001","1950","bert-base-cased","390","1","","0.6245487364620939","12","1.291457748413086","0.35670984708345854"
"sweep_12a_02_modded/run_015","179","-","gen_12","0.02","0.15","0.00001","1950","bert-base-cased","390","1","","0.6353790613718412","10","1.2939083099365234","0.15230749814938277"
"sweep_12a_02_modded/run_016","210","-","gen_12","0.02","0.15","0.00001","780","bert-base-cased","156","1","","0.6678700361010831","12","1.2701258659362793","0.12279800268319938"
"sweep_12a_02_modded/run_013","288","-","gen_12","0","0.15","0.000005","1950","bert-base-cased","390","1","","0.6425992779783394","17","1.3410774230957032","0.1856089249635354"
"sweep_12a_02_modded/run_010","203","-","gen_12","0","0.15","0.000005","780","bert-base-cased","156","1","","0.6606498194945848","12","1.0103400230407715","0.1752040080535106"
"sweep_12a_02_modded/run_006","189","-","gen_12","0","0.1","0.000005","1950","bert-base-cased","390","1","","0.6498194945848376","12","1.136369037628174","0.06195856363345415"
"sweep_12a_02_modded/run_012","286","-","gen_12","0","0.15","0.000005","1950","bert-base-cased","390","1","","0.6642599277978339","17","1.2092463493347168","0.09184562854277782"
"sweep_12a_02_modded/run_011","246","-","gen_12","0","0.15","0.000005","780","bert-base-cased","156","1","","0.6570397111913358","15","1.0716782569885257","0.2041455782376803"
"sweep_12a_02_modded/run_002","176","-","gen_12","0","0.1","0.00001","780","bert-base-cased","156","1","","0.6389891696750902","11","1.3893647193908691","0.05441465133275741"
"sweep_12a_02_modded/run_005","193","-","gen_12","0.02","0.1","0.000005","780","bert-base-cased","156","1","","0.6606498194945848","12","1.030106258392334","0.128169609950139"
"sweep_12a_02_modded/run_010","204","-","gen_12","0","0.15","0.00001","780","bert-base-cased","156","1","","0.6570397111913358","12","1.2614017486572269","0.11357495723626553"
"sweep_12a_02_modded/run_006","277","-","gen_12","0","0.1","0.00001","1950","bert-base-cased","390","1","","0.6245487364620939","18","1.5536981582641602","0.051456885460095525"
"sweep_12a_02_modded/run_014","210","-","gen_12","0","0.15","0.000005","1950","bert-base-cased","390","1","","0.6606498194945848","12","1.0934314727783203","0.12386155739808694"
"sweep_12a_02_modded/run_009","280","-","gen_12","0.02","0.1","0.000005","1950","bert-base-cased","390","1","","0.6678700361010831","17","1.1777921676635743","0.05859823715992463"
"sweep_12a_02_modded/run_007","207","-","gen_12","0.02","0.1","0.00001","780","bert-base-cased","156","1","","0.6534296028880866","13","1.2258382797241212","0.026970774699480105"
"sweep_12a_02_modded/run_003","173","-","gen_12","0","0.1","0.00001","1950","bert-base-cased","390","1","","0.6570397111913358","11","1.171548843383789","0.05781265405508188"
"sweep_12a_02_modded/run_012","156","-","gen_12","0","0.15","0.00001","780","bert-base-cased","156","1","","0.6425992779783394","9","1.123613166809082","0.17851812411577272"
"sweep_12a_02_modded/run_007","252","-","gen_12","0.02","0.1","0.000005","780","bert-base-cased","156","1","","0.6534296028880866","16","1.1549967765808105","0.07541684003976676"
"sweep_12a_02_modded/run_005","190","-","gen_12","0","0.1","0.000005","1950","bert-base-cased","390","1","","0.6498194945848376","12","1.014149188995361","0.10174353917439778"
"sweep_12a_02_modded/run_013","244","-","gen_12","0.02","0.15","0.000005","780","bert-base-cased","156","1","","0.6498194945848376","14","1.143446159362793","0.23847073775071365"
"sweep_12a_02_modded/run_016","211","-","gen_12","0.02","0.15","0.000005","780","bert-base-cased","156","1","","0.6425992779783394","12","0.9895655632019044","0.14568323966784355"
"sweep_12a_02_modded/run_007","280","-","gen_12","0","0.1","0.000005","1950","bert-base-cased","390","1","","0.6498194945848376","18","1.2931744575500488","0.062246469350961536"
"sweep_12a_02_modded/run_008","217","-","gen_12","0","0.15","0.00001","780","bert-base-cased","156","1","","0.6570397111913358","13","1.241855812072754","0.14974102607140174"
"sweep_12a_02_modded/run_011","238","-","gen_12","0","0.15","0.000005","1950","bert-base-cased","390","1","","0.6353790613718412","14","1.0990639686584474","0.258972534766564"
"sweep_12a_02_modded/run_002","236","-","gen_12","0","0.1","0.000005","780","bert-base-cased","156","1","","0.6534296028880866","15","1.0455817222595214","0.07767114272484413"
"sweep_12a_02_modded/run_017","178","-","gen_12","0.02","0.15","0.00001","1950","bert-base-cased","390","1","","0.6498194945848376","10","1.320348358154297","0.13098653157552084"
"sweep_12a_02_modded/run_011","156","-","gen_12","0","0.15","0.00001","780","bert-base-cased","156","1","","0.6425992779783394","9","1.3335091590881347","0.09204215881152032"
"sweep_12a_02_modded/run_001","175","-","gen_12","0","0.1","0.000005","780","bert-base-cased","156","1","","0.6101083032490975","11","1.1716187477111817","0.14457357846773589"
"sweep_12a_02_modded/run_004","179","-","gen_12","0.02","0.1","0.00001","780","bert-base-cased","156","1","","0.628158844765343","11","1.7021007537841797","0.07836418274121407"
"sweep_12a_02_modded/run_004","248","-","gen_12","0","0.1","0.000005","1950","bert-base-cased","390","1","","0.628158844765343","16","1.1703365325927737","0.05765008315061911"
"sweep_12a_02_modded/run_008","220","-","gen_12","0.02","0.1","0.000005","1950","bert-base-cased","390","1","","0.6570397111913358","13","1.145352554321289","0.06316108581347343"
"sweep_12a_02_modded/run_015","180","-","gen_12","0.02","0.15","0.000005","780","bert-base-cased","156","1","","0.6353790613718412","10","1.0465568542480468","0.2562706287090595"
"sweep_12a_02_modded/run_004","159","-","gen_12","0","0.1","0.00001","1950","bert-base-cased","390","1","","0.631768953068592","10","1.3108650207519532","0.08679886964651254"
"sweep_12a_02_modded/run_007","156","-","gen_12","0.02","0.1","0.000005","1950","bert-base-cased","390","1","","0.6137184115523465","9","1.1099563598632811","0.17218913787450546"
"sweep_12a_02_modded/run_003","148","-","gen_12","0","0.1","0.000005","1950","bert-base-cased","390","1","","0.6425992779783394","9","0.9704484939575196","0.22094112787491235"
"sweep_12a_02_modded/run_018","355","-","gen_12","0.02","0.15","0.000005","1950","bert-base-cased","390","1","","0.6498194945848376","21","1.375887393951416","0.11500857426570012"
"sweep_12a_02_modded/run_015","226","-","gen_12","0.02","0.15","0.000005","1950","bert-base-cased","390","1","","0.6137184115523465","13","1.203879165649414","0.2640231205866887"
"sweep_12a_02_modded/run_002","264","-","gen_12","0","0.1","0.00001","1950","bert-base-cased","390","1","","0.6353790613718412","17","1.7064563751220705","0.03975918965461927"
"sweep_12a_02_modded/run_006","189","-","gen_12","0.02","0.1","0.000005","780","bert-base-cased","156","1","","0.6389891696750902","12","1.1471951484680176","0.08286764071537898"
"sweep_12a_02_modded/run_016","276","-","gen_12","0.02","0.15","0.00001","1950","bert-base-cased","390","1","","0.628158844765343","16","1.501043701171875","0.10935445932241586"
"sweep_12a_02_modded/run_018","211","-","gen_12","0.02","0.15","0.00001","1950","bert-base-cased","390","1","","0.6498194945848376","12","1.3412439346313476","0.1329495478899051"
"sweep_12a_02_modded/run_010","232","-","gen_12","0.02","0.1","0.00001","1950","bert-base-cased","390","1","","0.6498194945848376","14","1.2980099678039552","0.09841455557407476"
"sweep_12a_02_modded/run_013","299","-","gen_12","0","0.15","0.00001","1950","bert-base-cased","390","1","","0.6534296028880866","18","1.3601766586303712","0.1257907794072078"
"sweep_12a_02_modded/run_004","280","-","gen_12","0","0.1","0.000005","780","bert-base-cased","156","1","","0.6498194945848376","18","1.1728209495544433","0.04268849507356302"
"sweep_12a_02_modded/run_006","131","-","gen_12","0.02","0.1","0.00001","1950","bert-base-cased","390","1","","0.6425992779783394","8","1.103977584838867","0.16480294252053285"
"sweep_12a_02_modded/run_010","188","-","gen_12","0","0.15","0.00001","1950","bert-base-cased","390","1","","0.6462093862815884","11","1.258224868774414","0.2385832713200496"
"sweep_12a_02_modded/run_014","211","-","gen_12","0.02","0.15","0.00001","1950","bert-base-cased","390","1","","0.6425992779783394","12","1.3151063919067385","0.30718424381353915"
"sweep_12a_02_modded/run_016","193","-","gen_12","0.02","0.15","0.000005","1950","bert-base-cased","390","1","","0.6245487364620939","11","1.129060173034668","0.16618954829680613"
"sweep_12a_02_modded/run_012","204","-","gen_12","0","0.15","0.000005","780","bert-base-cased","156","1","","0.6389891696750902","12","1.0462550163269042","0.1131297747294108"
"sweep_12a_02_modded/run_008","306","-","gen_12","0.02","0.1","0.00001","1950","bert-base-cased","390","1","","0.6389891696750902","19","1.6701013565063476","0.018070156757648177"
"sweep_12a_02_modded/run_009","162","-","gen_12","0.02","0.1","0.000005","780","bert-base-cased","156","1","","0.6425992779783394","10","0.9778020858764648","0.07741902424738957"
"sweep_12a_02_modded/run_009","185","-","gen_12","0","0.15","0.000005","780","bert-base-cased","156","1","","0.6209386281588448","11","1.0527854919433597","0.2831260974590595"
"sweep_12a_02_modded/run_006","253","-","gen_12","0.02","0.1","0.00001","780","bert-base-cased","156","1","","0.6245487364620939","16","1.5413683891296386","0.02269521890542446"
"sweep_12a_02_modded/run_014","326","-","gen_12","0.02","0.15","0.00001","780","bert-base-cased","156","1","","0.6498194945848376","19","1.6076087951660156","0.048475748453384794"
"sweep_12a_02_modded/run_012","324","-","gen_12","0.02","0.15","0.00001","780","bert-base-cased","156","1","","0.628158844765343","19","1.8974281311035155","0.2014240118173453"
"sweep_12a_02_modded/run_000","207","-","gen_12","0","0.1","0.00001","780","bert-base-cased","156","1","","0.6353790613718412","14","1.4799041748046875","0.048011474120311246"
"sweep_12a_02_modded/run_013","314","-","gen_12","0","0.15","0.000005","780","bert-base-cased","156","1","","0.6353790613718412","19","1.191342544555664","0.10467753043541542"
"sweep_12a_02_modded/run_005","236","-","gen_12","0","0.1","0.000005","780","bert-base-cased","156","1","","0.6353790613718412","15","1.102703857421875","0.07352457902370355"
"sweep_12a_02_modded/run_017","195","-","gen_12","0.02","0.15","0.000005","780","bert-base-cased","156","1","","0.6353790613718412","11","1.056954860687256","0.15696470554058367"
"sweep_12a_02_modded/run_014","211","-","gen_12","0.02","0.15","0.000005","780","bert-base-cased","156","1","","0.6137184115523465","12","1.200810432434082","0.17083091002244216"
"sweep_12a_01_modded/run_45","279","-","gen_12","0.02","0.15","0.000005","2680","bert-base-cased","536","1","","","17","0.9465006660012638","0.1949838524434104"
"sweep_12a_01_modded/run_30","219","-","gen_12","0.02","0.15","0.00001","6700","bert-base-cased","1340","1","","","13","1.1052799224853516","0.18961396857873716"
"sweep_12a_03_modded/run_17","275","-","gen_12","0.02","0.15","0.000005","4500","bert-base-cased","900","1","","","12","0.5993393659591675","0.5983111487494575"
"sweep_12a_03_modded/run_12","254","-","gen_12","0","0.15","0.000005","1800","bert-base-cased","360","1","","","11","0.6698790391286215","0.7720863342285156"
"sweep_12a_03_modded/run_02","186","-","gen_12","0","0.1","0.00001","1800","bert-base-cased","360","1","","","8","0.5466744899749756","0.26925777859157984"
"sweep_12a_01_modded/run_28","144","-","gen_12","0.02","0.15","0.00001","2680","bert-base-cased","536","1","","","8","0.9121075237498564","0.18256587412819933"
"sweep_12a_03_modded/run_16","191","-","gen_12","0.02","0.15","0.00001","1800","bert-base-cased","360","1","","","8","0.5465512275695801","0.36009521484375"
"sweep_12a_01_modded/run_63","424","-","gen_12","0.02","0.15","0.000005","6700","bert-base-cased","1340","1","","","26","1.0860579995548023","0.2929421609907008"
"sweep_12a_03_modded/run_13","237","-","gen_12","0.02","0.15","0.000005","1800","bert-base-cased","360","1","","","10","0.6238721609115601","0.5058348337809245"
"sweep_12a_03_modded/run_14","1063","-","gen_12","0","0.15","0.00001","4500","bert-base-cased","900","1","","","49","0.5172088940938314","0.32016434139675565"
"sweep_12a_03_modded/run_06","271","-","gen_12","0.02","0.1","0.000005","1800","bert-base-cased","360","1","","","12","0.6729451020558676","0.36118206448025175"
"sweep_12a_01_modded/run_18","141","-","gen_12","0","0.1","0.00001","6700","bert-base-cased","1340","1","","","8","0.7972239326028263","0.12123486533093808"
"sweep_12a_01_modded/run_57","176","-","gen_12","0","0.15","0.000005","2680","bert-base-cased","536","1","","","10","0.7514033037073472","0.3674869252674615"
"sweep_12a_01_modded/run_39","360","-","gen_12","0.02","0.1","0.000005","6700","bert-base-cased","1340","1","","","22","1.081667283002068","0.08884950182331142"
"sweep_12a_01_modded/run_14","175","-","gen_12","0.02","0.15","0.00001","6700","bert-base-cased","1340","1","","","10","0.866756887996898","0.19863114428164355"
"sweep_12a_01_modded/run_25","282","-","gen_12","0","0.15","0.000005","2680","bert-base-cased","536","1","","","17","1.0659371544333065","0.297339539029705"
"sweep_12a_03_modded/run_09","280","-","gen_12","0.02","0.1","0.000005","4500","bert-base-cased","900","1","","","12","0.605616013209025","0.32366180419921875"
"sweep_12a_01_modded/run_54","194","-","gen_12","0.02","0.1","0.00001","6700","bert-base-cased","1340","1","","","11","0.8694979723762063","0.15247567020245453"
"sweep_12a_03_modded/run_09","300","-","gen_12","0","0.15","0.00001","1800","bert-base-cased","360","1","","","13","0.6310059626897176","0.49214354621039497"
"sweep_12a_03_modded/run_16","277","-","gen_12","0.02","0.15","0.00001","4500","bert-base-cased","900","1","","","12","0.5720846255620321","0.39166412353515623"
"sweep_12a_01_modded/run_56","239","-","gen_12","0","0.15","0.00001","2680","bert-base-cased","536","1","","","14","1.0787756302777458","0.19385279470415256"
"sweep_12a_03_modded/run_04","601","-","gen_12","0","0.1","0.00001","4500","bert-base-cased","900","1","","","28","0.5179645220438639","0.21730946434868703"
"sweep_12a_03_modded/run_13","275","-","gen_12","0","0.15","0.000005","4500","bert-base-cased","900","1","","","12","0.6062371333440145","0.742494879828559"
"sweep_12a_03_modded/run_08","777","-","gen_12","0.02","0.1","0.00001","4500","bert-base-cased","900","1","","","36","0.5147951443990072","0.14536873499552408"
"sweep_12a_03_modded/run_15","235","-","gen_12","0","0.15","0.000005","4500","bert-base-cased","900","1","","","10","0.6019275983174642","0.579669189453125"
"sweep_12a_01_modded/run_43","253","-","gen_12","0","0.15","0.000005","6700","bert-base-cased","1340","1","","","15","0.8302142760332893","0.2505640912411818"
"sweep_12a_03_modded/run_12","276","-","gen_12","0","0.15","0.00001","4500","bert-base-cased","900","1","","","12","0.5841797192891439","0.4907782660590278"
"sweep_12a_03_modded/run_11","448","-","gen_12","0","0.15","0.00001","4500","bert-base-cased","900","1","","","20","0.6270684003829956","0.44275860256618926"
"sweep_12a_01_modded/run_67","254","-","gen_12","0","0.1","0.000005","6700","bert-base-cased","1340","1","","","15","1.0005514481488396","0.1815838030914762"
"sweep_12a_01_modded/run_23","284","-","gen_12","0.02","0.1","0.000005","6700","bert-base-cased","1340","1","","","17","1.0784291660084444","0.09093194221382712"
"sweep_12a_01_modded/run_65","160","-","gen_12","0","0.1","0.000005","2680","bert-base-cased","536","1","","","9","0.9680649252498852","0.16792483827961024"
"sweep_12a_01_modded/run_44","316","-","gen_12","0.02","0.15","0.00001","2680","bert-base-cased","536","1","","","19","1.117034351124483","0.09397489633133162"
"sweep_12a_03_modded/run_06","189","-","gen_12","0.02","0.1","0.00001","1800","bert-base-cased","360","1","","","8","0.5355328321456909","0.22834091186523436"
"sweep_12a_01_modded/run_15","174","-","gen_12","0.02","0.15","0.000005","6700","bert-base-cased","1340","1","","","10","0.823666909161736","0.273616563028364"
"sweep_12a_01_modded/run_50","205","-","gen_12","0","0.1","0.00001","6700","bert-base-cased","1340","1","","","12","0.9078959296731388","0.11244385989744272"
"sweep_12a_03_modded/run_16","258","-","gen_12","0.02","0.15","0.000005","1800","bert-base-cased","360","1","","","11","0.6727330684661865","0.6614894443088107"
"sweep_12a_03_modded/run_17","789","-","gen_12","0.02","0.15","0.00001","4500","bert-base-cased","900","1","","","36","0.6211538712183634","0.33523137834337025"
"sweep_12a_03_modded/run_08","336","-","gen_12","0.02","0.1","0.000005","1800","bert-base-cased","360","1","","","15","0.6850170294443766","0.3443675782945421"
"sweep_12a_03_modded/run_08","235","-","gen_12","0","0.15","0.00001","1800","bert-base-cased","360","1","","","10","0.5542476971944174","0.3769228193495009"
"sweep_12a_03_modded/run_15","427","-","gen_12","0.02","0.15","0.000005","4500","bert-base-cased","900","1","","","19","0.6479639212290446","0.5390872531467014"
"sweep_12a_03_modded/run_07","463","-","gen_12","0.02","0.1","0.00001","4500","bert-base-cased","900","1","","","21","0.6054244041442871","0.195516840616862"
"sweep_12a_03_modded/run_15","214","-","gen_12","0.02","0.15","0.000005","1800","bert-base-cased","360","1","","","9","0.609471321105957","0.5942507849799262"
"sweep_12a_01_modded/run_24","160","-","gen_12","0","0.15","0.00001","2680","bert-base-cased","536","1","","","9","0.9375181198120116","0.18175517978952893"
"sweep_12a_01_modded/run_31","203","-","gen_12","0.02","0.15","0.000005","6700","bert-base-cased","1340","1","","","12","0.983463399550494","0.2375392913818359"
"sweep_12a_03_modded/run_10","621","-","gen_12","0.02","0.1","0.00001","4500","bert-base-cased","900","1","","","28","0.5056707859039307","0.14970360861884224"
"sweep_12a_01_modded/run_49","189","-","gen_12","0","0.1","0.000005","2680","bert-base-cased","536","1","","","11","0.8971550324383903","0.16593820657303085"
"sweep_12a_03_modded/run_12","297","-","gen_12","0","0.15","0.000005","4500","bert-base-cased","900","1","","","13","0.6463817358016968","0.7171862284342448"
"sweep_12a_01_modded/run_55","176","-","gen_12","0.02","0.1","0.000005","6700","bert-base-cased","1340","1","","","10","0.8312597835765165","0.1856650167436742"
"sweep_12a_03_modded/run_14","233","-","gen_12","0.02","0.15","0.00001","4500","bert-base-cased","900","1","","","10","0.6352050304412842","0.39484723409016925"
"sweep_12a_01_modded/run_10","157","-","gen_12","0","0.15","0.00001","6700","bert-base-cased","1340","1","","","9","0.791498015908634","0.1954579139823344"
"sweep_12a_01_modded/run_77","316","-","gen_12","0.02","0.15","0.000005","2680","bert-base-cased","536","1","","","19","0.9508472891414866","0.255588787705151"
"sweep_12a_03_modded/run_07","278","-","gen_12","0.02","0.1","0.000005","4500","bert-base-cased","900","1","","","12","0.6492624282836914","0.32438121371799045"
"sweep_12a_01_modded/run_08","310","-","gen_12","0","0.15","0.00001","2680","bert-base-cased","536","1","","","19","1.063954185037052","0.09991222353123907"
"sweep_12a_03_modded/run_10","300","-","gen_12","0","0.15","0.000005","1800","bert-base-cased","360","1","","","13","0.6686108112335205","0.7233100891113281"
"sweep_12a_01_modded/run_00","126","-","gen_12","0","0.1","0.00001","2680","bert-base-cased","536","1","","","7","0.7987444821526023","0.06517733388872289"
"sweep_12a_01_modded/run_01","157","-","gen_12","0","0.1","0.000005","2680","bert-base-cased","536","1","","","9","0.8441172207103056","0.13464798144440152"
"sweep_12a_03_modded/run_14","341","-","gen_12","0.02","0.15","0.000005","1800","bert-base-cased","360","1","","","15","0.7000242074330648","0.6530024210611979"
"sweep_12a_03_modded/run_18","256","-","gen_12","0.02","0.15","0.00001","4500","bert-base-cased","900","1","","","11","0.5274581909179688","0.37925974527994794"
"sweep_12a_03_modded/run_13","276","-","gen_12","0.02","0.15","0.00001","1800","bert-base-cased","360","1","","","12","0.648908813794454","0.4399608612060547"
"sweep_12a_01_modded/run_75","314","-","gen_12","0","0.15","0.000005","6700","bert-base-cased","1340","1","","","19","0.9169866898480584","0.33822512270799326"
"sweep_12a_03_modded/run_12","256","-","gen_12","0.02","0.15","0.00001","1800","bert-base-cased","360","1","","","11","0.5998290379842123","0.3026654137505425"
"sweep_12a_01_modded/run_73","190","-","gen_12","0","0.15","0.000005","2680","bert-base-cased","536","1","","","11","0.8346142488367417","0.34360598094427763"
"sweep_12a_03_modded/run_05","189","-","gen_12","0","0.1","0.000005","1800","bert-base-cased","360","1","","","8","0.5850037733713785","0.3528220706515842"
"sweep_12a_01_modded/run_12","189","-","gen_12","0.02","0.15","0.00001","2680","bert-base-cased","536","1","","","11","1.0722375757554","0.13424276949754402"
"sweep_12a_03_modded/run_08","366","-","gen_12","0.02","0.1","0.000005","4500","bert-base-cased","900","1","","","16","0.6436800161997477","0.3446410497029622"
"sweep_12a_03_modded/run_05","340","-","gen_12","0.02","0.1","0.00001","1800","bert-base-cased","360","1","","","15","0.6145515839258829","0.21042103237575951"
"sweep_12a_03_modded/run_04","271","-","gen_12","0.02","0.1","0.00001","1800","bert-base-cased","360","1","","","12","0.5701195001602173","0.19236475626627603"
"sweep_12a_03_modded/run_08","336","-","gen_12","0.02","0.1","0.00001","1800","bert-base-cased","360","1","","","15","0.514162540435791","0.1741822772555881"
"sweep_12a_01_modded/run_46","237","-","gen_12","0.02","0.15","0.00001","6700","bert-base-cased","1340","1","","","14","0.8919147042667165","0.23445688788570576"
"sweep_12a_01_modded/run_21","251","-","gen_12","0.02","0.1","0.000005","2680","bert-base-cased","536","1","","","15","1.118203555836397","0.08541397550212804"
"sweep_12a_01_modded/run_29","310","-","gen_12","0.02","0.15","0.000005","2680","bert-base-cased","536","1","","","19","1.1235834009507124","0.27078998622609607"
"sweep_12a_03_modded/run_09","276","-","gen_12","0","0.15","0.000005","1800","bert-base-cased","360","1","","","12","0.6183077494303385","0.506135982937283"
"sweep_12a_01_modded/run_66","330","-","gen_12","0","0.1","0.00001","6700","bert-base-cased","1340","1","","","20","1.2219494090360754","0.06504307931928492"
"sweep_12a_03_modded/run_10","191","-","gen_12","0","0.15","0.00001","1800","bert-base-cased","360","1","","","8","0.56346595287323","0.45000042385525174"
"sweep_12a_01_modded/run_02","157","-","gen_12","0","0.1","0.00001","6700","bert-base-cased","1340","1","","","9","0.8436753890093636","0.07820974179168245"
"sweep_12a_03_modded/run_17","191","-","gen_12","0.02","0.15","0.000005","1800","bert-base-cased","360","1","","","8","0.5893189907073975","0.5019339243570964"
"sweep_12a_01_modded/run_05","190","-","gen_12","0.02","0.1","0.000005","2680","bert-base-cased","536","1","","","11","0.9439754486083984","0.09726858139038086"
"sweep_12a_03_modded/run_15","405","-","gen_12","0.02","0.15","0.00001","4500","bert-base-cased","900","1","","","18","0.6199063062667847","0.3907583448621962"
"sweep_12a_01_modded/run_70","160","-","gen_12","0.02","0.1","0.00001","6700","bert-base-cased","1340","1","","","9","0.7560939788818359","0.13707671948333286"
"sweep_12a_01_modded/run_35","221","-","gen_12","0","0.1","0.000005","6700","bert-base-cased","1340","1","","","13","0.8225163291482365","0.11936443955151003"
"sweep_12a_01_modded/run_60","161","-","gen_12","0.02","0.15","0.00001","2680","bert-base-cased","536","1","","","9","0.9905459460090188","0.17937996138387652"
"sweep_12a_01_modded/run_64","238","-","gen_12","0","0.1","0.00001","2680","bert-base-cased","536","1","","","14","0.9447282903334674","0.0726108195176765"
"sweep_12a_01_modded/run_40","128","-","gen_12","0","0.15","0.00001","2680","bert-base-cased","536","1","","","7","0.7667462405036477","0.1793453017277504"
"sweep_12a_03_modded/run_14","257","-","gen_12","0","0.15","0.000005","4500","bert-base-cased","900","1","","","11","0.6691203912099203","0.7718732198079427"
"sweep_12a_01_modded/run_76","160","-","gen_12","0.02","0.15","0.00001","2680","bert-base-cased","536","1","","","9","0.8306029824649587","0.17286902755054076"
"sweep_12a_01_modded/run_11","160","-","gen_12","0","0.15","0.000005","6700","bert-base-cased","1340","1","","","9","0.8033756368300494","0.3247060918096286"
"sweep_12a_01_modded/run_58","160","-","gen_12","0","0.15","0.00001","6700","bert-base-cased","1340","1","","","9","0.7711124420166016","0.2526252234160011"
"sweep_12a_01_modded/run_47","176","-","gen_12","0.02","0.15","0.000005","6700","bert-base-cased","1340","1","","","10","0.7511977588429171","0.2736783952855352"
"sweep_12a_01_modded/run_36","190","-","gen_12","0.02","0.1","0.00001","2680","bert-base-cased","536","1","","","11","0.9839474173153148","0.07855310724742377"
"sweep_12a_01_modded/run_74","283","-","gen_12","0","0.15","0.00001","6700","bert-base-cased","1340","1","","","17","1.0538413103889015","0.1444561801739593"
"sweep_12a_01_modded/run_68","191","-","gen_12","0.02","0.1","0.00001","2680","bert-base-cased","536","1","","","11","1.204301834106445","0.053717218228240514"
"sweep_12a_01_modded/run_42","189","-","gen_12","0","0.15","0.00001","6700","bert-base-cased","1340","1","","","11","0.8515547584084904","0.1913012034857451"
"sweep_12a_01_modded/run_52","254","-","gen_12","0.02","0.1","0.00001","2680","bert-base-cased","536","1","","","15","1.043256871840533","0.06843304989942864"
"sweep_12a_03_modded/run_01","285","-","gen_12","0","0.1","0.00001","1800","bert-base-cased","360","1","","","13","0.6048946777979533","0.2558718575371636"
"sweep_12a_03_modded/run_15","255","-","gen_12","0.02","0.15","0.00001","1800","bert-base-cased","360","1","","","11","0.5889099836349487","0.39319398668077254"
"sweep_12a_03_modded/run_04","292","-","gen_12","0","0.1","0.000005","4500","bert-base-cased","900","1","","","13","0.6456736326217651","0.38947601318359376"
"sweep_12a_03_modded/run_12","258","-","gen_12","0","0.15","0.00001","1800","bert-base-cased","360","1","","","11","0.526079018910726","0.3793910132514106"
"sweep_12a_03_modded/run_01","268","-","gen_12","0","0.1","0.000005","1800","bert-base-cased","360","1","","","12","0.6183255116144816","0.35373083750406903"
"sweep_12a_01_modded/run_20","128","-","gen_12","0.02","0.1","0.00001","2680","bert-base-cased","536","1","","","7","0.836029333226821","0.0787593571107779"
"sweep_12a_03_modded/run_14","194","-","gen_12","0.02","0.15","0.00001","1800","bert-base-cased","360","1","","","8","0.5496161778767904","0.4162660386827257"
"sweep_12a_03_modded/run_10","344","-","gen_12","0.02","0.1","0.000005","4500","bert-base-cased","900","1","","","15","0.6964382330576578","0.3335946400960286"
"sweep_12a_03_modded/run_06","507","-","gen_12","0.02","0.1","0.00001","4500","bert-base-cased","900","1","","","23","0.5751452048619589","0.1629060427347819"
"sweep_12a_03_modded/run_04","208","-","gen_12","0","0.1","0.000005","1800","bert-base-cased","360","1","","","9","0.689942200978597","0.4181716071234809"
"sweep_12a_03_modded/run_00","212","-","gen_12","0","0.1","0.00001","1800","bert-base-cased","360","1","","","10","0.5840325752894083","0.20370939042833117"
"sweep_12a_01_modded/run_04","174","-","gen_12","0.02","0.1","0.00001","2680","bert-base-cased","536","1","","","10","0.9392934126012464","0.09638422638622685"
"sweep_12a_01_modded/run_13","205","-","gen_12","0.02","0.15","0.000005","2680","bert-base-cased","536","1","","","12","1.07009854036219","0.24375064337431496"
"sweep_12a_01_modded/run_17","131","-","gen_12","0","0.1","0.000005","2680","bert-base-cased","536","1","","","7","0.7796945571899414","0.13475366848618237"
"sweep_12a_01_modded/run_27","294","-","gen_12","0","0.15","0.000005","6700","bert-base-cased","1340","1","","","18","0.8768614039701574","0.24495369640748893"
"sweep_12a_03_modded/run_09","190","-","gen_12","0.02","0.1","0.000005","1800","bert-base-cased","360","1","","","8","0.5824991464614868","0.29845396677652997"
"sweep_12a_01_modded/run_61","284","-","gen_12","0.02","0.15","0.000005","2680","bert-base-cased","536","1","","","17","1.05975061304429","0.31646469457825616"
"sweep_12a_01_modded/run_51","307","-","gen_12","0","0.1","0.000005","6700","bert-base-cased","1340","1","","","19","0.965457467471852","0.1163928829022308"
"sweep_12a_01_modded/run_69","286","-","gen_12","0.02","0.1","0.000005","2680","bert-base-cased","536","1","","","17","0.9908139845904184","0.10019061814493208"
"sweep_12a_01_modded/run_07","204","-","gen_12","0.02","0.1","0.000005","6700","bert-base-cased","1340","1","","","12","0.9695877748377184","0.12906763446864797"
"sweep_12a_01_modded/run_53","299","-","gen_12","0.02","0.1","0.000005","2680","bert-base-cased","536","1","","","18","0.9561222300809972","0.13316850519891996"
"sweep_12a_01_modded/run_41","281","-","gen_12","0","0.15","0.000005","2680","bert-base-cased","536","1","","","17","0.9818868076100068","0.2417253238051685"
"sweep_12a_03_modded/run_07","211","-","gen_12","0.02","0.1","0.00001","1800","bert-base-cased","360","1","","","9","0.6412490606307983","0.2548929638332791"
"sweep_12a_01_modded/run_33","158","-","gen_12","0","0.1","0.000005","2680","bert-base-cased","536","1","","","9","0.7522451737347771","0.11781557282405113"
"sweep_12a_03_modded/run_04","225","-","gen_12","0","0.1","0.00001","1800","bert-base-cased","360","1","","","10","0.5261608759562174","0.22097396850585935"
"sweep_12a_03_modded/run_19","299","-","gen_12","0.02","0.15","0.000005","4500","bert-base-cased","900","1","","","13","0.5999298890431722","0.4514945983886719"
"sweep_12a_03_modded/run_03","818","-","gen_12","0","0.1","0.00001","4500","bert-base-cased","900","1","","","39","0.584152619043986","0.2000069724188911"
"sweep_12a_03_modded/run_10","342","-","gen_12","0","0.15","0.00001","4500","bert-base-cased","900","1","","","15","0.5792429447174072","0.34684952629937066"
"sweep_12a_01_modded/run_32","190","-","gen_12","0","0.1","0.00001","2680","bert-base-cased","536","1","","","11","0.8821569330552045","0.05837946151619527"
"sweep_12a_01_modded/run_22","159","-","gen_12","0.02","0.1","0.00001","6700","bert-base-cased","1340","1","","","9","0.903997589560116","0.0875196670418355"
"sweep_12a_03_modded/run_18","386","-","gen_12","0.02","0.15","0.000005","4500","bert-base-cased","900","1","","","17","0.681738535563151","0.6201073116726346"
"sweep_12a_03_modded/run_13","276","-","gen_12","0","0.15","0.00001","4500","bert-base-cased","900","1","","","12","0.6279059648513794","0.5315198262532552"
"sweep_12a_03_modded/run_05","252","-","gen_12","0","0.1","0.000005","4500","bert-base-cased","900","1","","","11","0.6040056943893433","0.41146282619900176"
"sweep_12a_01_modded/run_09","203","-","gen_12","0","0.15","0.000005","2680","bert-base-cased","536","1","","","12","0.8902457742130055","0.2790899703751749"
"sweep_12a_01_modded/run_79","266","-","gen_12","0.02","0.15","0.000005","6700","bert-base-cased","1340","1","","","16","0.970862669103286","0.2635114015038334"
"sweep_12a_03_modded/run_11","275","-","gen_12","0","0.15","0.000005","1800","bert-base-cased","360","1","","","12","0.6105277935663859","0.6907917870415582"
"sweep_12a_01_modded/run_34","251","-","gen_12","0","0.1","0.00001","6700","bert-base-cased","1340","1","","","15","0.9484506494858684","0.06554777230789412"
"sweep_12a_01_modded/run_59","330","-","gen_12","0","0.15","0.000005","6700","bert-base-cased","1340","1","","","20","1.0609133103314567","0.3015554058018015"
"sweep_12a_03_modded/run_16","342","-","gen_12","0.02","0.15","0.000005","4500","bert-base-cased","900","1","","","15","0.6924052238464355","0.6484803941514757"
"sweep_12a_01_modded/run_19","264","-","gen_12","0","0.1","0.000005","6700","bert-base-cased","1340","1","","","16","1.0714398552389706","0.09645415775811494"
"sweep_12a_01_modded/run_71","360","-","gen_12","0.02","0.1","0.000005","6700","bert-base-cased","1340","1","","","22","1.0893654542810776","0.11461940452234068"
"sweep_12a_01_modded/run_62","176","-","gen_12","0.02","0.15","0.00001","6700","bert-base-cased","1340","1","","","10","0.8782060286578011","0.2180036857946595"
"sweep_12a_01_modded/run_26","189","-","gen_12","0","0.15","0.00001","6700","bert-base-cased","1340","1","","","11","0.7275304233326632","0.2040604691007244"
"sweep_12a_03_modded/run_05","705","-","gen_12","0","0.1","0.00001","4500","bert-base-cased","900","1","","","33","0.5864958763122559","0.21163383060031468"
"sweep_12a_03_modded/run_03","227","-","gen_12","0","0.1","0.000005","1800","bert-base-cased","360","1","","","10","0.5950255393981934","0.3832166035970052"
"sweep_12a_03_modded/run_06","249","-","gen_12","0","0.1","0.000005","4500","bert-base-cased","900","1","","","11","0.6535220940907797","0.448473146226671"
"sweep_12a_01_modded/run_03","188","-","gen_12","0","0.1","0.000005","6700","bert-base-cased","1340","1","","","11","0.8354302574606502","0.1333851458421394"
"sweep_12a_03_modded/run_11","213","-","gen_12","0","0.15","0.00001","1800","bert-base-cased","360","1","","","9","0.6574690341949463","0.5273521423339844"
"sweep_12a_01_modded/run_78","254","-","gen_12","0.02","0.15","0.00001","6700","bert-base-cased","1340","1","","","15","0.92575881060432","0.16211484083488806"
"sweep_12a_03_modded/run_07","191","-","gen_12","0.02","0.1","0.000005","1800","bert-base-cased","360","1","","","8","0.5962570110956827","0.3463794284396701"
"sweep_12a_03_modded/run_06","252","-","gen_12","0","0.1","0.00001","4500","bert-base-cased","900","1","","","11","0.5365869998931885","0.2402091344197591"
"sweep_12a_03_modded/run_05","231","-","gen_12","0.02","0.1","0.000005","1800","bert-base-cased","360","1","","","10","0.643373966217041","0.3238093694051107"
"sweep_12a_01_modded/run_16","206","-","gen_12","0","0.1","0.00001","2680","bert-base-cased","536","1","","","12","1.0884962642894072","0.03387886730592642"
"sweep_12a_01_modded/run_48","160","-","gen_12","0","0.1","0.00001","2680","bert-base-cased","536","1","","","9","1.030060936422909","0.10179066302171394"
"sweep_12a_03_modded/run_02","267","-","gen_12","0","0.1","0.000005","1800","bert-base-cased","360","1","","","12","0.6604134241739908","0.4274935828314887"
"sweep_12a_03_modded/run_03","205","-","gen_12","0","0.1","0.00001","1800","bert-base-cased","360","1","","","9","0.630479653676351","0.30182037353515623"
"sweep_12a_01_modded/run_37","298","-","gen_12","0.02","0.1","0.000005","2680","bert-base-cased","536","1","","","18","0.8935532289392808","0.07962556383503017"
"sweep_12a_03_modded/run_03","230","-","gen_12","0","0.1","0.000005","4500","bert-base-cased","900","1","","","10","0.6285531520843506","0.3647521124945747"
"sweep_12a_01_modded/run_38","175","-","gen_12","0.02","0.1","0.00001","6700","bert-base-cased","1340","1","","","10","0.8022473279167625","0.13509830076303056"
"sweep_12a_01_modded/run_06","173","-","gen_12","0.02","0.1","0.00001","6700","bert-base-cased","1340","1","","","10","0.7742091908174402","0.10355533058963604"
"sweep_12a_03_modded/run_11","619","-","gen_12","0.02","0.1","0.000005","4500","bert-base-cased","900","1","","","28","0.5687950452168783","0.22767287360297309"
"sweep_12a_03_modded/run_09","422","-","gen_12","0.02","0.1","0.00001","4500","bert-base-cased","900","1","","","19","0.6176671584447225","0.2004260804918077"
"sweep_12a_03_modded/run_11","276","-","gen_12","0","0.15","0.000005","4500","bert-base-cased","900","1","","","12","0.6086191733678182","0.6401874118381077"
"sweep_12a_03_modded/run_07","292","-","gen_12","0","0.1","0.000005","4500","bert-base-cased","900","1","","","13","0.5877125263214111","0.34195353190104166"
"sweep_12a_03_modded/run_02","453","-","gen_12","0","0.1","0.00001","4500","bert-base-cased","900","1","","","21","0.5686376889546713","0.1744285159640842"
"sweep_12a_01_modded/run_72","206","-","gen_12","0","0.15","0.00001","2680","bert-base-cased","536","1","","","12","0.8081552842084099","0.1957388635891587"
"sweep_12a_03_modded/run_13","213","-","gen_12","0","0.15","0.000005","1800","bert-base-cased","360","1","","","9","0.6169333855311075","0.5315812428792318"