,task_name,learning_rate,num_train_epochs,max_train_steps,output_dir,hidden_dropout,train_data_frac,use_pretrain_dropout_in_first_pass,use_modded,eval_accuracy
0,wnli,5e-05,5,100,/content/drive/MyDrive/Masterarbeit/fantastic-umbrella/runs/run-20230614_124541,0.1,1.0,True,True,0.43661971830985913
1,wnli,5e-05,10,200,/content/drive/MyDrive/Masterarbeit/fantastic-umbrella/runs/run-20230614_124643,0.1,1.0,True,True,0.28169014084507044
2,wnli,5e-05,20,400,/content/drive/MyDrive/Masterarbeit/fantastic-umbrella/runs/run-20230614_124755,0.1,1.0,True,True,0.11267605633802817
3,wnli,5e-05,5,100,/content/drive/MyDrive/Masterarbeit/fantastic-umbrella/runs/run-20230614_125003,0.1,1.0,True,False,0.5492957746478874
4,wnli,5e-05,10,200,/content/drive/MyDrive/Masterarbeit/fantastic-umbrella/runs/run-20230614_125034,0.1,1.0,True,False,0.4647887323943662
5,wnli,5e-05,20,400,/content/drive/MyDrive/Masterarbeit/fantastic-umbrella/runs/run-20230614_125120,0.1,1.0,True,False,0.11267605633802817
6,wnli,5e-05,5,50,/content/drive/MyDrive/Masterarbeit/fantastic-umbrella/runs/run-20230614_125238,0.1,0.5,True,True,0.352112676056338
7,wnli,5e-05,10,100,/content/drive/MyDrive/Masterarbeit/fantastic-umbrella/runs/run-20230614_125308,0.1,0.5,True,True,0.29577464788732394
8,wnli,5e-05,20,200,/content/drive/MyDrive/Masterarbeit/fantastic-umbrella/runs/run-20230614_125353,0.1,0.5,True,True,0.29577464788732394
9,wnli,5e-05,5,50,/content/drive/MyDrive/Masterarbeit/fantastic-umbrella/runs/run-20230614_125508,0.1,0.5,True,False,0.323943661971831
10,wnli,5e-05,10,100,/content/drive/MyDrive/Masterarbeit/fantastic-umbrella/runs/run-20230614_125531,0.1,0.5,True,False,0.323943661971831
11,wnli,5e-05,20,200,/content/drive/MyDrive/Masterarbeit/fantastic-umbrella/runs/run-20230614_125603,0.1,0.5,True,False,0.323943661971831
12,wnli,5e-05,10,20,/content/drive/MyDrive/Masterarbeit/fantastic-umbrella/runs/run-20230614_125710,0.1,0.1,True,True,0.4225352112676056
13,wnli,5e-05,5,10,/content/drive/MyDrive/Masterarbeit/fantastic-umbrella/runs/run-20230614_125652,0.1,0.1,True,True,0.4084507042253521
14,wnli,5e-05,5,10,/content/drive/MyDrive/Masterarbeit/fantastic-umbrella/runs/run-20230614_125804,0.1,0.1,True,False,0.38028169014084506
15,wnli,5e-05,20,40,/content/drive/MyDrive/Masterarbeit/fantastic-umbrella/runs/run-20230614_125734,0.1,0.1,True,True,0.4084507042253521
16,wnli,5e-05,20,40,/content/drive/MyDrive/Masterarbeit/fantastic-umbrella/runs/run-20230614_125841,0.1,0.1,True,False,0.4507042253521127
17,wnli,5e-05,10,20,/content/drive/MyDrive/Masterarbeit/fantastic-umbrella/runs/run-20230614_125821,0.1,0.1,True,False,0.4084507042253521
18,wnli,5e-05,5,100,/content/drive/MyDrive/Masterarbeit/fantastic-umbrella/runs/run-20230614_125907,0.1,1.0,False,True,0.43661971830985913
19,wnli,5e-05,10,200,/content/drive/MyDrive/Masterarbeit/fantastic-umbrella/runs/run-20230614_125950,0.1,1.0,False,True,0.23943661971830985
20,wnli,5e-05,20,400,/content/drive/MyDrive/Masterarbeit/fantastic-umbrella/runs/run-20230614_130102,0.1,1.0,False,True,0.09859154929577464
21,wnli,5e-05,5,100,/content/drive/MyDrive/Masterarbeit/fantastic-umbrella/runs/run-20230614_130309,0.1,1.0,False,False,0.5492957746478874
22,wnli,5e-05,10,200,/content/drive/MyDrive/Masterarbeit/fantastic-umbrella/runs/run-20230614_130342,0.1,1.0,False,False,0.4647887323943662
23,wnli,5e-05,20,400,/content/drive/MyDrive/Masterarbeit/fantastic-umbrella/runs/run-20230614_130429,0.1,1.0,False,False,0.11267605633802817
24,wnli,5e-05,5,50,/content/drive/MyDrive/Masterarbeit/fantastic-umbrella/runs/run-20230614_130546,0.1,0.5,False,True,0.28169014084507044
25,wnli,5e-05,10,100,/content/drive/MyDrive/Masterarbeit/fantastic-umbrella/runs/run-20230614_130616,0.1,0.5,False,True,0.28169014084507044
26,wnli,5e-05,20,200,/content/drive/MyDrive/Masterarbeit/fantastic-umbrella/runs/run-20230614_130701,0.1,0.5,False,True,0.30985915492957744
27,wnli,5e-05,5,50,/content/drive/MyDrive/Masterarbeit/fantastic-umbrella/runs/run-20230614_130815,0.1,0.5,False,False,0.323943661971831
28,wnli,5e-05,10,100,/content/drive/MyDrive/Masterarbeit/fantastic-umbrella/runs/run-20230614_130840,0.1,0.5,False,False,0.323943661971831
29,wnli,5e-05,20,200,/content/drive/MyDrive/Masterarbeit/fantastic-umbrella/runs/run-20230614_130912,0.1,0.5,False,False,0.323943661971831
30,wnli,5e-05,10,20,/content/drive/MyDrive/Masterarbeit/fantastic-umbrella/runs/run-20230614_131019,0.1,0.1,False,True,0.4084507042253521
31,wnli,5e-05,5,10,/content/drive/MyDrive/Masterarbeit/fantastic-umbrella/runs/run-20230614_131001,0.1,0.1,False,True,0.38028169014084506
32,wnli,5e-05,5,10,/content/drive/MyDrive/Masterarbeit/fantastic-umbrella/runs/run-20230614_131112,0.1,0.1,False,False,0.38028169014084506
33,wnli,5e-05,20,40,/content/drive/MyDrive/Masterarbeit/fantastic-umbrella/runs/run-20230614_131041,0.1,0.1,False,True,0.4788732394366197
34,wnli,5e-05,20,40,/content/drive/MyDrive/Masterarbeit/fantastic-umbrella/runs/run-20230614_131149,0.1,0.1,False,False,0.4507042253521127
35,wnli,5e-05,10,20,/content/drive/MyDrive/Masterarbeit/fantastic-umbrella/runs/run-20230614_131129,0.1,0.1,False,False,0.4084507042253521
36,wnli,5e-05,5,100,/content/drive/MyDrive/Masterarbeit/fantastic-umbrella/runs/run-20230614_131215,0.5,1.0,True,True,0.4507042253521127
37,wnli,5e-05,10,200,/content/drive/MyDrive/Masterarbeit/fantastic-umbrella/runs/run-20230614_131259,0.5,1.0,True,True,0.5633802816901409
38,wnli,5e-05,20,400,/content/drive/MyDrive/Masterarbeit/fantastic-umbrella/runs/run-20230614_131411,0.5,1.0,True,True,0.49295774647887325
39,wnli,5e-05,5,100,/content/drive/MyDrive/Masterarbeit/fantastic-umbrella/runs/run-20230614_131619,0.5,1.0,True,False,0.4788732394366197
40,wnli,5e-05,10,200,/content/drive/MyDrive/Masterarbeit/fantastic-umbrella/runs/run-20230614_131651,0.5,1.0,True,False,0.49295774647887325
41,wnli,5e-05,20,400,/content/drive/MyDrive/Masterarbeit/fantastic-umbrella/runs/run-20230614_131738,0.5,1.0,True,False,0.5492957746478874
42,wnli,5e-05,5,50,/content/drive/MyDrive/Masterarbeit/fantastic-umbrella/runs/run-20230614_131856,0.5,0.5,True,True,0.43661971830985913
43,wnli,5e-05,10,100,/content/drive/MyDrive/Masterarbeit/fantastic-umbrella/runs/run-20230614_131926,0.5,0.5,True,True,0.43661971830985913
44,wnli,5e-05,20,200,/content/drive/MyDrive/Masterarbeit/fantastic-umbrella/runs/run-20230614_132011,0.5,0.5,True,True,0.4084507042253521
45,wnli,5e-05,5,50,/content/drive/MyDrive/Masterarbeit/fantastic-umbrella/runs/run-20230614_132127,0.5,0.5,True,False,0.4225352112676056
46,wnli,5e-05,20,200,/content/drive/MyDrive/Masterarbeit/fantastic-umbrella/runs/run-20230614_132223,0.5,0.5,True,False,0.43661971830985913
47,wnli,5e-05,10,100,/content/drive/MyDrive/Masterarbeit/fantastic-umbrella/runs/run-20230614_132150,0.5,0.5,True,False,0.43661971830985913
48,wnli,5e-05,5,10,/content/drive/MyDrive/Masterarbeit/fantastic-umbrella/runs/run-20230614_132312,0.5,0.1,True,True,0.4225352112676056
49,wnli,5e-05,10,20,/content/drive/MyDrive/Masterarbeit/fantastic-umbrella/runs/run-20230614_132331,0.5,0.1,True,True,0.4507042253521127
50,wnli,5e-05,20,40,/content/drive/MyDrive/Masterarbeit/fantastic-umbrella/runs/run-20230614_132354,0.5,0.1,True,True,0.4647887323943662
51,wnli,5e-05,5,10,/content/drive/MyDrive/Masterarbeit/fantastic-umbrella/runs/run-20230614_132424,0.5,0.1,True,False,0.43661971830985913
52,wnli,5e-05,10,20,/content/drive/MyDrive/Masterarbeit/fantastic-umbrella/runs/run-20230614_132442,0.5,0.1,True,False,0.43661971830985913
53,wnli,5e-05,20,40,/content/drive/MyDrive/Masterarbeit/fantastic-umbrella/runs/run-20230614_132503,0.5,0.1,True,False,0.4225352112676056
54,wnli,5e-05,5,100,/content/drive/MyDrive/Masterarbeit/fantastic-umbrella/runs/run-20230614_132527,0.5,1.0,False,True,0.4647887323943662
55,wnli,5e-05,10,200,/content/drive/MyDrive/Masterarbeit/fantastic-umbrella/runs/run-20230614_132611,0.5,1.0,False,True,0.5774647887323944
56,wnli,5e-05,20,400,/content/drive/MyDrive/Masterarbeit/fantastic-umbrella/runs/run-20230614_132722,0.5,1.0,False,True,0.5633802816901409
57,wnli,5e-05,5,100,/content/drive/MyDrive/Masterarbeit/fantastic-umbrella/runs/run-20230614_132929,0.5,1.0,False,False,0.4788732394366197
58,wnli,5e-05,10,200,/content/drive/MyDrive/Masterarbeit/fantastic-umbrella/runs/run-20230614_132959,0.5,1.0,False,False,0.49295774647887325
59,wnli,5e-05,20,400,/content/drive/MyDrive/Masterarbeit/fantastic-umbrella/runs/run-20230614_133044,0.5,1.0,False,False,0.5492957746478874
60,wnli,5e-05,5,50,/content/drive/MyDrive/Masterarbeit/fantastic-umbrella/runs/run-20230614_133201,0.5,0.5,False,True,0.4084507042253521
61,wnli,5e-05,10,100,/content/drive/MyDrive/Masterarbeit/fantastic-umbrella/runs/run-20230614_133230,0.5,0.5,False,True,0.43661971830985913
62,wnli,5e-05,20,200,/content/drive/MyDrive/Masterarbeit/fantastic-umbrella/runs/run-20230614_133313,0.5,0.5,False,True,0.4647887323943662
63,wnli,5e-05,5,50,/content/drive/MyDrive/Masterarbeit/fantastic-umbrella/runs/run-20230614_133426,0.5,0.5,False,False,0.4225352112676056
64,wnli,5e-05,10,100,/content/drive/MyDrive/Masterarbeit/fantastic-umbrella/runs/run-20230614_133448,0.5,0.5,False,False,0.43661971830985913
65,wnli,5e-05,20,200,/content/drive/MyDrive/Masterarbeit/fantastic-umbrella/runs/run-20230614_133519,0.5,0.5,False,False,0.43661971830985913
66,wnli,5e-05,5,10,/content/drive/MyDrive/Masterarbeit/fantastic-umbrella/runs/run-20230614_133607,0.5,0.1,False,True,0.4225352112676056
67,wnli,5e-05,10,20,/content/drive/MyDrive/Masterarbeit/fantastic-umbrella/runs/run-20230614_133624,0.5,0.1,False,True,0.4225352112676056
68,wnli,5e-05,20,40,/content/drive/MyDrive/Masterarbeit/fantastic-umbrella/runs/run-20230614_133648,0.5,0.1,False,True,0.4507042253521127
69,wnli,5e-05,5,10,/content/drive/MyDrive/Masterarbeit/fantastic-umbrella/runs/run-20230614_133717,0.5,0.1,False,False,0.43661971830985913
70,wnli,5e-05,10,20,/content/drive/MyDrive/Masterarbeit/fantastic-umbrella/runs/run-20230614_133736,0.5,0.1,False,False,0.43661971830985913
71,wnli,5e-05,20,40,/content/drive/MyDrive/Masterarbeit/fantastic-umbrella/runs/run-20230614_133756,0.5,0.1,False,False,0.4225352112676056
72,wnli,5e-05,5,100,/content/drive/MyDrive/Masterarbeit/fantastic-umbrella/runs/run-20230614_133820,0.8,1.0,True,True,0.4225352112676056
73,wnli,5e-05,10,200,/content/drive/MyDrive/Masterarbeit/fantastic-umbrella/runs/run-20230614_133903,0.8,1.0,True,True,0.49295774647887325
74,wnli,5e-05,20,400,/content/drive/MyDrive/Masterarbeit/fantastic-umbrella/runs/run-20230614_134013,0.8,1.0,True,True,0.49295774647887325
75,wnli,5e-05,5,100,/content/drive/MyDrive/Masterarbeit/fantastic-umbrella/runs/run-20230614_134220,0.8,1.0,True,False,0.4225352112676056
76,wnli,5e-05,10,200,/content/drive/MyDrive/Masterarbeit/fantastic-umbrella/runs/run-20230614_134249,0.8,1.0,True,False,0.43661971830985913
77,wnli,5e-05,20,400,/content/drive/MyDrive/Masterarbeit/fantastic-umbrella/runs/run-20230614_134334,0.8,1.0,True,False,0.4788732394366197
78,wnli,5e-05,5,50,/content/drive/MyDrive/Masterarbeit/fantastic-umbrella/runs/run-20230614_134450,0.8,0.5,True,True,0.4225352112676056
79,wnli,5e-05,10,100,/content/drive/MyDrive/Masterarbeit/fantastic-umbrella/runs/run-20230614_134518,0.8,0.5,True,True,0.4507042253521127
80,wnli,5e-05,20,200,/content/drive/MyDrive/Masterarbeit/fantastic-umbrella/runs/run-20230614_134601,0.8,0.5,True,True,0.4084507042253521
81,wnli,5e-05,5,50,/content/drive/MyDrive/Masterarbeit/fantastic-umbrella/runs/run-20230614_134714,0.8,0.5,True,False,0.43661971830985913
82,wnli,5e-05,20,200,/content/drive/MyDrive/Masterarbeit/fantastic-umbrella/runs/run-20230614_134807,0.8,0.5,True,False,0.43661971830985913
83,wnli,5e-05,10,100,/content/drive/MyDrive/Masterarbeit/fantastic-umbrella/runs/run-20230614_134736,0.8,0.5,True,False,0.43661971830985913
84,wnli,5e-05,10,20,/content/drive/MyDrive/Masterarbeit/fantastic-umbrella/runs/run-20230614_134910,0.8,0.1,True,True,0.4225352112676056
85,wnli,5e-05,5,10,/content/drive/MyDrive/Masterarbeit/fantastic-umbrella/runs/run-20230614_134854,0.8,0.1,True,True,0.4225352112676056
86,wnli,5e-05,20,40,/content/drive/MyDrive/Masterarbeit/fantastic-umbrella/runs/run-20230614_134931,0.8,0.1,True,True,0.4225352112676056
87,wnli,5e-05,5,10,/content/drive/MyDrive/Masterarbeit/fantastic-umbrella/runs/run-20230614_135000,0.8,0.1,True,False,0.4225352112676056
88,wnli,5e-05,20,40,/content/drive/MyDrive/Masterarbeit/fantastic-umbrella/runs/run-20230614_135033,0.8,0.1,True,False,0.43661971830985913
89,wnli,5e-05,10,20,/content/drive/MyDrive/Masterarbeit/fantastic-umbrella/runs/run-20230614_135015,0.8,0.1,True,False,0.43661971830985913
90,wnli,5e-05,5,100,/content/drive/MyDrive/Masterarbeit/fantastic-umbrella/runs/run-20230614_135057,0.8,1.0,False,True,0.49295774647887325
91,wnli,5e-05,10,200,/content/drive/MyDrive/Masterarbeit/fantastic-umbrella/runs/run-20230614_135137,0.8,1.0,False,True,0.49295774647887325
92,wnli,5e-05,20,400,/content/drive/MyDrive/Masterarbeit/fantastic-umbrella/runs/run-20230614_135247,0.8,1.0,False,True,0.4788732394366197
93,wnli,5e-05,5,100,/content/drive/MyDrive/Masterarbeit/fantastic-umbrella/runs/run-20230614_135451,0.8,1.0,False,False,0.4225352112676056
94,wnli,5e-05,10,200,/content/drive/MyDrive/Masterarbeit/fantastic-umbrella/runs/run-20230614_135521,0.8,1.0,False,False,0.43661971830985913
95,wnli,5e-05,20,400,/content/drive/MyDrive/Masterarbeit/fantastic-umbrella/runs/run-20230614_135605,0.8,1.0,False,False,0.4788732394366197
96,wnli,5e-05,5,50,/content/drive/MyDrive/Masterarbeit/fantastic-umbrella/runs/run-20230614_135721,0.8,0.5,False,True,0.4225352112676056
97,wnli,5e-05,10,100,/content/drive/MyDrive/Masterarbeit/fantastic-umbrella/runs/run-20230614_135822,0.8,0.5,False,True,0.4507042253521127
98,wnli,5e-05,20,200,/content/drive/MyDrive/Masterarbeit/fantastic-umbrella/runs/run-20230614_135906,0.8,0.5,False,True,0.4507042253521127
99,wnli,5e-05,5,50,/content/drive/MyDrive/Masterarbeit/fantastic-umbrella/runs/run-20230614_140017,0.8,0.5,False,False,0.43661971830985913
100,wnli,5e-05,10,100,/content/drive/MyDrive/Masterarbeit/fantastic-umbrella/runs/run-20230614_140039,0.8,0.5,False,False,0.43661971830985913
101,wnli,5e-05,20,200,/content/drive/MyDrive/Masterarbeit/fantastic-umbrella/runs/run-20230614_140109,0.8,0.5,False,False,0.43661971830985913
102,wnli,5e-05,10,20,/content/drive/MyDrive/Masterarbeit/fantastic-umbrella/runs/run-20230614_140213,0.8,0.1,False,True,0.4225352112676056
103,wnli,5e-05,5,10,/content/drive/MyDrive/Masterarbeit/fantastic-umbrella/runs/run-20230614_140156,0.8,0.1,False,True,0.4225352112676056
104,wnli,5e-05,20,40,/content/drive/MyDrive/Masterarbeit/fantastic-umbrella/runs/run-20230614_140234,0.8,0.1,False,True,0.4225352112676056
105,wnli,5e-05,20,40,/content/drive/MyDrive/Masterarbeit/fantastic-umbrella/runs/run-20230614_140336,0.8,0.1,False,False,0.43661971830985913
106,wnli,5e-05,10,20,/content/drive/MyDrive/Masterarbeit/fantastic-umbrella/runs/run-20230614_140318,0.8,0.1,False,False,0.43661971830985913
107,wnli,5e-05,5,10,/content/drive/MyDrive/Masterarbeit/fantastic-umbrella/runs/run-20230614_140303,0.8,0.1,False,False,0.4225352112676056
108,wnli,1e-05,5,100,/content/drive/MyDrive/Masterarbeit/fantastic-umbrella/runs/run-20230614_140358,0.1,1.0,True,True,0.28169014084507044
109,wnli,1e-05,10,200,/content/drive/MyDrive/Masterarbeit/fantastic-umbrella/runs/run-20230614_140440,0.1,1.0,True,True,0.22535211267605634
110,wnli,1e-05,20,400,/content/drive/MyDrive/Masterarbeit/fantastic-umbrella/runs/run-20230614_140548,0.1,1.0,True,True,0.15492957746478872
111,wnli,1e-05,5,100,/content/drive/MyDrive/Masterarbeit/fantastic-umbrella/runs/run-20230614_140754,0.1,1.0,True,False,0.29577464788732394
112,wnli,1e-05,10,200,/content/drive/MyDrive/Masterarbeit/fantastic-umbrella/runs/run-20230614_140822,0.1,1.0,True,False,0.23943661971830985
113,wnli,1e-05,20,400,/content/drive/MyDrive/Masterarbeit/fantastic-umbrella/runs/run-20230614_140906,0.1,1.0,True,False,0.14084507042253522
114,wnli,1e-05,5,50,/content/drive/MyDrive/Masterarbeit/fantastic-umbrella/runs/run-20230614_141022,0.1,0.5,True,True,0.36619718309859156
115,wnli,1e-05,10,100,/content/drive/MyDrive/Masterarbeit/fantastic-umbrella/runs/run-20230614_141051,0.1,0.5,True,True,0.352112676056338
116,wnli,1e-05,20,200,/content/drive/MyDrive/Masterarbeit/fantastic-umbrella/runs/run-20230614_141133,0.1,0.5,True,True,0.30985915492957744
117,wnli,1e-05,10,100,/content/drive/MyDrive/Masterarbeit/fantastic-umbrella/runs/run-20230614_141307,0.1,0.5,True,False,0.30985915492957744
118,wnli,1e-05,5,50,/content/drive/MyDrive/Masterarbeit/fantastic-umbrella/runs/run-20230614_141246,0.1,0.5,True,False,0.36619718309859156
119,wnli,1e-05,20,200,/content/drive/MyDrive/Masterarbeit/fantastic-umbrella/runs/run-20230614_141338,0.1,0.5,True,False,0.30985915492957744
120,wnli,1e-05,5,10,/content/drive/MyDrive/Masterarbeit/fantastic-umbrella/runs/run-20230614_141426,0.1,0.1,True,True,0.49295774647887325
121,wnli,1e-05,10,20,/content/drive/MyDrive/Masterarbeit/fantastic-umbrella/runs/run-20230614_141445,0.1,0.1,True,True,0.43661971830985913
122,wnli,1e-05,20,40,/content/drive/MyDrive/Masterarbeit/fantastic-umbrella/runs/run-20230614_141506,0.1,0.1,True,True,0.43661971830985913
123,wnli,1e-05,10,20,/content/drive/MyDrive/Masterarbeit/fantastic-umbrella/runs/run-20230614_141549,0.1,0.1,True,False,0.4084507042253521
124,wnli,1e-05,5,10,/content/drive/MyDrive/Masterarbeit/fantastic-umbrella/runs/run-20230614_141534,0.1,0.1,True,False,0.49295774647887325
125,wnli,1e-05,5,100,/content/drive/MyDrive/Masterarbeit/fantastic-umbrella/runs/run-20230614_141631,0.1,1.0,False,True,0.28169014084507044
126,wnli,1e-05,20,40,/content/drive/MyDrive/Masterarbeit/fantastic-umbrella/runs/run-20230614_141607,0.1,0.1,True,False,0.4225352112676056
127,wnli,1e-05,10,200,/content/drive/MyDrive/Masterarbeit/fantastic-umbrella/runs/run-20230614_141711,0.1,1.0,False,True,0.23943661971830985
128,wnli,1e-05,20,400,/content/drive/MyDrive/Masterarbeit/fantastic-umbrella/runs/run-20230614_141820,0.1,1.0,False,True,0.16901408450704225
129,wnli,1e-05,5,100,/content/drive/MyDrive/Masterarbeit/fantastic-umbrella/runs/run-20230614_142025,0.1,1.0,False,False,0.29577464788732394
130,wnli,1e-05,10,200,/content/drive/MyDrive/Masterarbeit/fantastic-umbrella/runs/run-20230614_142054,0.1,1.0,False,False,0.23943661971830985
131,wnli,1e-05,20,400,/content/drive/MyDrive/Masterarbeit/fantastic-umbrella/runs/run-20230614_142138,0.1,1.0,False,False,0.14084507042253522
132,wnli,1e-05,10,100,/content/drive/MyDrive/Masterarbeit/fantastic-umbrella/runs/run-20230614_142320,0.1,0.5,False,True,0.323943661971831
133,wnli,1e-05,5,50,/content/drive/MyDrive/Masterarbeit/fantastic-umbrella/runs/run-20230614_142253,0.1,0.5,False,True,0.352112676056338
134,wnli,1e-05,20,200,/content/drive/MyDrive/Masterarbeit/fantastic-umbrella/runs/run-20230614_142402,0.1,0.5,False,True,0.29577464788732394
135,wnli,1e-05,10,100,/content/drive/MyDrive/Masterarbeit/fantastic-umbrella/runs/run-20230614_142536,0.1,0.5,False,False,0.30985915492957744
136,wnli,1e-05,5,50,/content/drive/MyDrive/Masterarbeit/fantastic-umbrella/runs/run-20230614_142514,0.1,0.5,False,False,0.36619718309859156
137,wnli,1e-05,20,200,/content/drive/MyDrive/Masterarbeit/fantastic-umbrella/runs/run-20230614_142605,0.1,0.5,False,False,0.30985915492957744
138,wnli,1e-05,10,20,/content/drive/MyDrive/Masterarbeit/fantastic-umbrella/runs/run-20230614_142708,0.1,0.1,False,True,0.43661971830985913
139,wnli,1e-05,5,10,/content/drive/MyDrive/Masterarbeit/fantastic-umbrella/runs/run-20230614_142652,0.1,0.1,False,True,0.5070422535211268
140,wnli,1e-05,20,40,/content/drive/MyDrive/Masterarbeit/fantastic-umbrella/runs/run-20230614_142728,0.1,0.1,False,True,0.4225352112676056
141,wnli,1e-05,20,40,/content/drive/MyDrive/Masterarbeit/fantastic-umbrella/runs/run-20230614_142828,0.1,0.1,False,False,0.4225352112676056
142,wnli,1e-05,10,20,/content/drive/MyDrive/Masterarbeit/fantastic-umbrella/runs/run-20230614_142811,0.1,0.1,False,False,0.4084507042253521
143,wnli,1e-05,5,10,/content/drive/MyDrive/Masterarbeit/fantastic-umbrella/runs/run-20230614_142755,0.1,0.1,False,False,0.49295774647887325
144,wnli,1e-05,5,100,/content/drive/MyDrive/Masterarbeit/fantastic-umbrella/runs/run-20230614_142851,0.5,1.0,True,True,0.4647887323943662
145,wnli,1e-05,10,200,/content/drive/MyDrive/Masterarbeit/fantastic-umbrella/runs/run-20230614_142933,0.5,1.0,True,True,0.4788732394366197
146,wnli,1e-05,20,400,/content/drive/MyDrive/Masterarbeit/fantastic-umbrella/runs/run-20230614_143041,0.5,1.0,True,True,0.43661971830985913
147,wnli,1e-05,5,100,/content/drive/MyDrive/Masterarbeit/fantastic-umbrella/runs/run-20230614_143246,0.5,1.0,True,False,0.4647887323943662
148,wnli,1e-05,10,200,/content/drive/MyDrive/Masterarbeit/fantastic-umbrella/runs/run-20230614_143315,0.5,1.0,True,False,0.4507042253521127
149,wnli,1e-05,20,400,/content/drive/MyDrive/Masterarbeit/fantastic-umbrella/runs/run-20230614_143400,0.5,1.0,True,False,0.4647887323943662
150,wnli,1e-05,5,50,/content/drive/MyDrive/Masterarbeit/fantastic-umbrella/runs/run-20230614_143515,0.5,0.5,True,True,0.43661971830985913
151,wnli,1e-05,10,100,/content/drive/MyDrive/Masterarbeit/fantastic-umbrella/runs/run-20230614_143543,0.5,0.5,True,True,0.4788732394366197
152,wnli,1e-05,20,200,/content/drive/MyDrive/Masterarbeit/fantastic-umbrella/runs/run-20230614_143625,0.5,0.5,True,True,0.4507042253521127
153,wnli,1e-05,5,50,/content/drive/MyDrive/Masterarbeit/fantastic-umbrella/runs/run-20230614_143737,0.5,0.5,True,False,0.4225352112676056
154,wnli,1e-05,10,100,/content/drive/MyDrive/Masterarbeit/fantastic-umbrella/runs/run-20230614_143758,0.5,0.5,True,False,0.4225352112676056
155,wnli,1e-05,20,200,/content/drive/MyDrive/Masterarbeit/fantastic-umbrella/runs/run-20230614_143827,0.5,0.5,True,False,0.4225352112676056
156,wnli,1e-05,5,10,/content/drive/MyDrive/Masterarbeit/fantastic-umbrella/runs/run-20230614_143914,0.5,0.1,True,True,0.4225352112676056
157,wnli,1e-05,20,40,/content/drive/MyDrive/Masterarbeit/fantastic-umbrella/runs/run-20230614_143953,0.5,0.1,True,True,0.4225352112676056
158,wnli,1e-05,10,20,/content/drive/MyDrive/Masterarbeit/fantastic-umbrella/runs/run-20230614_143933,0.5,0.1,True,True,0.4225352112676056
159,wnli,1e-05,5,10,/content/drive/MyDrive/Masterarbeit/fantastic-umbrella/runs/run-20230614_144021,0.5,0.1,True,False,0.4225352112676056
160,wnli,1e-05,5,100,/content/drive/MyDrive/Masterarbeit/fantastic-umbrella/runs/run-20230614_144116,0.5,1.0,False,True,0.4507042253521127
161,wnli,1e-05,20,40,/content/drive/MyDrive/Masterarbeit/fantastic-umbrella/runs/run-20230614_144053,0.5,0.1,True,False,0.4225352112676056
162,wnli,1e-05,10,20,/content/drive/MyDrive/Masterarbeit/fantastic-umbrella/runs/run-20230614_144036,0.5,0.1,True,False,0.4225352112676056
163,wnli,1e-05,10,200,/content/drive/MyDrive/Masterarbeit/fantastic-umbrella/runs/run-20230614_144156,0.5,1.0,False,True,0.4507042253521127
164,wnli,1e-05,20,400,/content/drive/MyDrive/Masterarbeit/fantastic-umbrella/runs/run-20230614_144305,0.5,1.0,False,True,0.4507042253521127
165,wnli,1e-05,10,200,/content/drive/MyDrive/Masterarbeit/fantastic-umbrella/runs/run-20230614_144540,0.5,1.0,False,False,0.4507042253521127
166,wnli,1e-05,5,100,/content/drive/MyDrive/Masterarbeit/fantastic-umbrella/runs/run-20230614_144511,0.5,1.0,False,False,0.4647887323943662
167,wnli,1e-05,20,400,/content/drive/MyDrive/Masterarbeit/fantastic-umbrella/runs/run-20230614_144623,0.5,1.0,False,False,0.4647887323943662
168,wnli,1e-05,5,50,/content/drive/MyDrive/Masterarbeit/fantastic-umbrella/runs/run-20230614_144738,0.5,0.5,False,True,0.43661971830985913
169,wnli,1e-05,10,100,/content/drive/MyDrive/Masterarbeit/fantastic-umbrella/runs/run-20230614_144805,0.5,0.5,False,True,0.4507042253521127
170,wnli,1e-05,20,200,/content/drive/MyDrive/Masterarbeit/fantastic-umbrella/runs/run-20230614_144848,0.5,0.5,False,True,0.43661971830985913
171,wnli,1e-05,10,100,/content/drive/MyDrive/Masterarbeit/fantastic-umbrella/runs/run-20230614_145021,0.5,0.5,False,False,0.4225352112676056
172,wnli,1e-05,5,50,/content/drive/MyDrive/Masterarbeit/fantastic-umbrella/runs/run-20230614_144959,0.5,0.5,False,False,0.4225352112676056
173,wnli,1e-05,20,200,/content/drive/MyDrive/Masterarbeit/fantastic-umbrella/runs/run-20230614_145051,0.5,0.5,False,False,0.4225352112676056
174,wnli,1e-05,10,20,/content/drive/MyDrive/Masterarbeit/fantastic-umbrella/runs/run-20230614_145153,0.5,0.1,False,True,0.4225352112676056
175,wnli,1e-05,5,10,/content/drive/MyDrive/Masterarbeit/fantastic-umbrella/runs/run-20230614_145137,0.5,0.1,False,True,0.4225352112676056
176,wnli,1e-05,20,40,/content/drive/MyDrive/Masterarbeit/fantastic-umbrella/runs/run-20230614_145214,0.5,0.1,False,True,0.4225352112676056
177,wnli,1e-05,20,40,/content/drive/MyDrive/Masterarbeit/fantastic-umbrella/runs/run-20230614_145314,0.5,0.1,False,False,0.4225352112676056
178,wnli,1e-05,10,20,/content/drive/MyDrive/Masterarbeit/fantastic-umbrella/runs/run-20230614_145257,0.5,0.1,False,False,0.4225352112676056
179,wnli,1e-05,5,10,/content/drive/MyDrive/Masterarbeit/fantastic-umbrella/runs/run-20230614_145241,0.5,0.1,False,False,0.4225352112676056
180,wnli,1e-05,5,100,/content/drive/MyDrive/Masterarbeit/fantastic-umbrella/runs/run-20230614_145336,0.8,1.0,True,True,0.4225352112676056
181,wnli,1e-05,10,200,/content/drive/MyDrive/Masterarbeit/fantastic-umbrella/runs/run-20230614_145417,0.8,1.0,True,True,0.4225352112676056
182,wnli,1e-05,20,400,/content/drive/MyDrive/Masterarbeit/fantastic-umbrella/runs/run-20230614_145526,0.8,1.0,True,True,0.4507042253521127
183,wnli,1e-05,5,100,/content/drive/MyDrive/Masterarbeit/fantastic-umbrella/runs/run-20230614_145731,0.8,1.0,True,False,0.4225352112676056
184,wnli,1e-05,10,200,/content/drive/MyDrive/Masterarbeit/fantastic-umbrella/runs/run-20230614_145759,0.8,1.0,True,False,0.4225352112676056
185,wnli,1e-05,20,400,/content/drive/MyDrive/Masterarbeit/fantastic-umbrella/runs/run-20230614_145842,0.8,1.0,True,False,0.4225352112676056
186,wnli,1e-05,5,50,/content/drive/MyDrive/Masterarbeit/fantastic-umbrella/runs/run-20230614_145957,0.8,0.5,True,True,0.4225352112676056
187,wnli,1e-05,10,100,/content/drive/MyDrive/Masterarbeit/fantastic-umbrella/runs/run-20230614_150025,0.8,0.5,True,True,0.4225352112676056
188,wnli,1e-05,20,200,/content/drive/MyDrive/Masterarbeit/fantastic-umbrella/runs/run-20230614_150108,0.8,0.5,True,True,0.4225352112676056
189,wnli,1e-05,5,50,/content/drive/MyDrive/Masterarbeit/fantastic-umbrella/runs/run-20230614_150220,0.8,0.5,True,False,0.4225352112676056
190,wnli,1e-05,10,100,/content/drive/MyDrive/Masterarbeit/fantastic-umbrella/runs/run-20230614_150242,0.8,0.5,True,False,0.43661971830985913
191,wnli,1e-05,20,200,/content/drive/MyDrive/Masterarbeit/fantastic-umbrella/runs/run-20230614_150312,0.8,0.5,True,False,0.43661971830985913
192,wnli,1e-05,10,20,/content/drive/MyDrive/Masterarbeit/fantastic-umbrella/runs/run-20230614_150417,0.8,0.1,True,True,0.4225352112676056
193,wnli,1e-05,5,10,/content/drive/MyDrive/Masterarbeit/fantastic-umbrella/runs/run-20230614_150359,0.8,0.1,True,True,0.4225352112676056
194,wnli,1e-05,20,40,/content/drive/MyDrive/Masterarbeit/fantastic-umbrella/runs/run-20230614_150438,0.8,0.1,True,True,0.4225352112676056
195,wnli,1e-05,5,10,/content/drive/MyDrive/Masterarbeit/fantastic-umbrella/runs/run-20230614_150506,0.8,0.1,True,False,0.4225352112676056
196,wnli,1e-05,20,40,/content/drive/MyDrive/Masterarbeit/fantastic-umbrella/runs/run-20230614_150540,0.8,0.1,True,False,0.4225352112676056
197,wnli,1e-05,10,20,/content/drive/MyDrive/Masterarbeit/fantastic-umbrella/runs/run-20230614_150522,0.8,0.1,True,False,0.4225352112676056
198,wnli,1e-05,5,100,/content/drive/MyDrive/Masterarbeit/fantastic-umbrella/runs/run-20230614_150602,0.8,1.0,False,True,0.4225352112676056
199,wnli,1e-05,10,200,/content/drive/MyDrive/Masterarbeit/fantastic-umbrella/runs/run-20230614_150643,0.8,1.0,False,True,0.4225352112676056
200,wnli,1e-05,20,400,/content/drive/MyDrive/Masterarbeit/fantastic-umbrella/runs/run-20230614_150751,0.8,1.0,False,True,0.4507042253521127
201,wnli,1e-05,5,100,/content/drive/MyDrive/Masterarbeit/fantastic-umbrella/runs/run-20230614_150957,0.8,1.0,False,False,0.4225352112676056
202,wnli,1e-05,10,200,/content/drive/MyDrive/Masterarbeit/fantastic-umbrella/runs/run-20230614_151025,0.8,1.0,False,False,0.4225352112676056
203,wnli,1e-05,20,400,/content/drive/MyDrive/Masterarbeit/fantastic-umbrella/runs/run-20230614_151108,0.8,1.0,False,False,0.4225352112676056
204,wnli,1e-05,5,50,/content/drive/MyDrive/Masterarbeit/fantastic-umbrella/runs/run-20230614_151223,0.8,0.5,False,True,0.4225352112676056
205,wnli,1e-05,10,100,/content/drive/MyDrive/Masterarbeit/fantastic-umbrella/runs/run-20230614_151252,0.8,0.5,False,True,0.4225352112676056
206,wnli,1e-05,20,200,/content/drive/MyDrive/Masterarbeit/fantastic-umbrella/runs/run-20230614_151335,0.8,0.5,False,True,0.4225352112676056
207,wnli,1e-05,5,50,/content/drive/MyDrive/Masterarbeit/fantastic-umbrella/runs/run-20230614_151446,0.8,0.5,False,False,0.4225352112676056
208,wnli,1e-05,20,200,/content/drive/MyDrive/Masterarbeit/fantastic-umbrella/runs/run-20230614_151538,0.8,0.5,False,False,0.43661971830985913
209,wnli,1e-05,10,100,/content/drive/MyDrive/Masterarbeit/fantastic-umbrella/runs/run-20230614_151508,0.8,0.5,False,False,0.43661971830985913
210,wnli,1e-05,5,10,/content/drive/MyDrive/Masterarbeit/fantastic-umbrella/runs/run-20230614_151624,0.8,0.1,False,True,0.4225352112676056
211,wnli,1e-05,20,40,/content/drive/MyDrive/Masterarbeit/fantastic-umbrella/runs/run-20230614_151700,0.8,0.1,False,True,0.4225352112676056
212,wnli,1e-05,10,20,/content/drive/MyDrive/Masterarbeit/fantastic-umbrella/runs/run-20230614_151641,0.8,0.1,False,True,0.4225352112676056
213,wnli,1e-05,10,20,/content/drive/MyDrive/Masterarbeit/fantastic-umbrella/runs/run-20230614_151743,0.8,0.1,False,False,0.4225352112676056
214,wnli,1e-05,5,10,/content/drive/MyDrive/Masterarbeit/fantastic-umbrella/runs/run-20230614_151728,0.8,0.1,False,False,0.4225352112676056
215,rte,5e-05,5,390,/content/drive/MyDrive/Masterarbeit/fantastic-umbrella/runs/run-20230614_151822,0.1,1.0,True,True,0.6462093862815884
216,wnli,1e-05,20,40,/content/drive/MyDrive/Masterarbeit/fantastic-umbrella/runs/run-20230614_151800,0.8,0.1,False,False,0.4225352112676056
217,rte,5e-05,10,780,/content/drive/MyDrive/Masterarbeit/fantastic-umbrella/runs/run-20230614_152117,0.1,1.0,True,True,0.6678700361010831
218,rte,5e-05,20,1560,/content/drive/MyDrive/Masterarbeit/fantastic-umbrella/runs/run-20230614_152655,0.1,1.0,True,True,0.6570397111913358
219,rte,5e-05,5,390,/content/drive/MyDrive/Masterarbeit/fantastic-umbrella/runs/run-20230614_153755,0.1,1.0,True,False,0.6823104693140795
220,rte,5e-05,10,780,/content/drive/MyDrive/Masterarbeit/fantastic-umbrella/runs/run-20230614_153936,0.1,1.0,True,False,0.6606498194945848
221,rte,5e-05,20,1560,/content/drive/MyDrive/Masterarbeit/fantastic-umbrella/runs/run-20230614_154245,0.1,1.0,True,False,0.6787003610108303
222,rte,5e-05,5,195,/content/drive/MyDrive/Masterarbeit/fantastic-umbrella/runs/run-20230614_154848,0.1,0.5,True,True,0.6353790613718412
223,rte,5e-05,10,390,/content/drive/MyDrive/Masterarbeit/fantastic-umbrella/runs/run-20230614_155024,0.1,0.5,True,True,0.631768953068592
224,rte,5e-05,20,780,/content/drive/MyDrive/Masterarbeit/fantastic-umbrella/runs/run-20230614_155323,0.1,0.5,True,True,0.5992779783393501
225,rte,5e-05,5,195,/content/drive/MyDrive/Masterarbeit/fantastic-umbrella/runs/run-20230614_173200,0.1,0.5,True,False,0.631768953068592
226,rte,5e-05,10,390,/content/drive/MyDrive/Masterarbeit/fantastic-umbrella/runs/run-20230614_173320,0.1,0.5,True,False,0.631768953068592
227,rte,5e-05,20,780,/content/drive/MyDrive/Masterarbeit/fantastic-umbrella/runs/run-20230614_173510,0.1,0.5,True,False,0.631768953068592
228,rte,5e-05,5,40,/content/drive/MyDrive/Masterarbeit/fantastic-umbrella/runs/run-20230614_173833,0.1,0.1,True,True,0.6028880866425993
229,rte,5e-05,10,80,/content/drive/MyDrive/Masterarbeit/fantastic-umbrella/runs/run-20230614_173908,0.1,0.1,True,True,0.5848375451263538
230,rte,5e-05,20,160,/content/drive/MyDrive/Masterarbeit/fantastic-umbrella/runs/run-20230614_174003,0.1,0.1,True,True,0.5703971119133574
231,rte,5e-05,10,80,/content/drive/MyDrive/Masterarbeit/fantastic-umbrella/runs/run-20230614_174209,0.1,0.1,True,False,0.5884476534296029
232,rte,5e-05,5,40,/content/drive/MyDrive/Masterarbeit/fantastic-umbrella/runs/run-20230614_174140,0.1,0.1,True,False,0.5884476534296029
233,rte,5e-05,20,160,/content/drive/MyDrive/Masterarbeit/fantastic-umbrella/runs/run-20230614_174248,0.1,0.1,True,False,0.5956678700361011
234,rte,5e-05,5,390,/content/drive/MyDrive/Masterarbeit/fantastic-umbrella/runs/run-20230614_174353,0.1,1.0,False,True,0.6750902527075813
235,rte,5e-05,10,780,/content/drive/MyDrive/Masterarbeit/fantastic-umbrella/runs/run-20230614_174654,0.1,1.0,False,True,0.6787003610108303
236,rte,5e-05,20,1560,/content/drive/MyDrive/Masterarbeit/fantastic-umbrella/runs/run-20230614_175241,0.1,1.0,False,True,0.6678700361010831
237,rte,5e-05,5,390,/content/drive/MyDrive/Masterarbeit/fantastic-umbrella/runs/run-20230614_180402,0.1,1.0,False,False,0.6823104693140795
238,rte,5e-05,10,780,/content/drive/MyDrive/Masterarbeit/fantastic-umbrella/runs/run-20230614_180548,0.1,1.0,False,False,0.6606498194945848
239,rte,5e-05,20,1560,/content/drive/MyDrive/Masterarbeit/fantastic-umbrella/runs/run-20230614_180906,0.1,1.0,False,False,0.6787003610108303
240,rte,5e-05,5,195,/content/drive/MyDrive/Masterarbeit/fantastic-umbrella/runs/run-20230614_181524,0.1,0.5,False,True,0.6353790613718412
241,rte,5e-05,10,390,/content/drive/MyDrive/Masterarbeit/fantastic-umbrella/runs/run-20230614_181705,0.1,0.5,False,True,0.6064981949458483
242,rte,5e-05,20,780,/content/drive/MyDrive/Masterarbeit/fantastic-umbrella/runs/run-20230614_182010,0.1,0.5,False,True,0.6425992779783394
243,rte,5e-05,5,195,/content/drive/MyDrive/Masterarbeit/fantastic-umbrella/runs/run-20230614_182607,0.1,0.5,False,False,0.631768953068592
244,rte,5e-05,10,390,/content/drive/MyDrive/Masterarbeit/fantastic-umbrella/runs/run-20230614_182711,0.1,0.5,False,False,0.631768953068592
245,rte,5e-05,20,780,/content/drive/MyDrive/Masterarbeit/fantastic-umbrella/runs/run-20230614_182901,0.1,0.5,False,False,0.631768953068592
246,rte,5e-05,10,80,/content/drive/MyDrive/Masterarbeit/fantastic-umbrella/runs/run-20230614_183300,0.1,0.1,False,True,0.6209386281588448
247,rte,5e-05,5,40,/content/drive/MyDrive/Masterarbeit/fantastic-umbrella/runs/run-20230614_183226,0.1,0.1,False,True,0.5740072202166066
248,rte,5e-05,20,160,/content/drive/MyDrive/Masterarbeit/fantastic-umbrella/runs/run-20230614_183356,0.1,0.1,False,True,0.6064981949458483
249,rte,5e-05,5,40,/content/drive/MyDrive/Masterarbeit/fantastic-umbrella/runs/run-20230614_183533,0.1,0.1,False,False,0.5884476534296029
250,rte,5e-05,10,80,/content/drive/MyDrive/Masterarbeit/fantastic-umbrella/runs/run-20230614_183600,0.1,0.1,False,False,0.5884476534296029
251,rte,5e-05,20,160,/content/drive/MyDrive/Masterarbeit/fantastic-umbrella/runs/run-20230614_183640,0.1,0.1,False,False,0.5956678700361011
252,rte,5e-05,5,390,/content/drive/MyDrive/Masterarbeit/fantastic-umbrella/runs/run-20230614_183745,0.5,1.0,True,True,0.5234657039711191
253,rte,5e-05,10,780,/content/drive/MyDrive/Masterarbeit/fantastic-umbrella/runs/run-20230614_184048,0.5,1.0,True,True,0.6028880866425993
254,rte,5e-05,20,1560,/content/drive/MyDrive/Masterarbeit/fantastic-umbrella/runs/run-20230614_184638,0.5,1.0,True,True,0.4729241877256318
255,rte,5e-05,5,390,/content/drive/MyDrive/Masterarbeit/fantastic-umbrella/runs/run-20230614_185802,0.5,1.0,True,False,0.5270758122743683
256,rte,5e-05,10,780,/content/drive/MyDrive/Masterarbeit/fantastic-umbrella/runs/run-20230614_185947,0.5,1.0,True,False,0.5451263537906137
257,rte,5e-05,20,1560,/content/drive/MyDrive/Masterarbeit/fantastic-umbrella/runs/run-20230614_190302,0.5,1.0,True,False,0.5667870036101083
258,rte,5e-05,5,195,/content/drive/MyDrive/Masterarbeit/fantastic-umbrella/runs/run-20230614_190920,0.5,0.5,True,True,0.5306859205776173
259,rte,5e-05,10,390,/content/drive/MyDrive/Masterarbeit/fantastic-umbrella/runs/run-20230614_191101,0.5,0.5,True,True,0.5234657039711191
260,rte,5e-05,20,780,/content/drive/MyDrive/Masterarbeit/fantastic-umbrella/runs/run-20230614_191407,0.5,0.5,True,True,0.5270758122743683
261,rte,5e-05,5,195,/content/drive/MyDrive/Masterarbeit/fantastic-umbrella/runs/run-20230614_192003,0.5,0.5,True,False,0.5270758122743683
262,rte,5e-05,10,390,/content/drive/MyDrive/Masterarbeit/fantastic-umbrella/runs/run-20230614_192104,0.5,0.5,True,False,0.5342960288808665
263,rte,5e-05,20,780,/content/drive/MyDrive/Masterarbeit/fantastic-umbrella/runs/run-20230614_192254,0.5,0.5,True,False,0.5595667870036101
264,rte,5e-05,5,40,/content/drive/MyDrive/Masterarbeit/fantastic-umbrella/runs/run-20230614_192618,0.5,0.1,True,True,0.48736462093862815
265,rte,5e-05,10,80,/content/drive/MyDrive/Masterarbeit/fantastic-umbrella/runs/run-20230614_192655,0.5,0.1,True,True,0.4404332129963899
266,rte,5e-05,20,160,/content/drive/MyDrive/Masterarbeit/fantastic-umbrella/runs/run-20230614_192751,0.5,0.1,True,True,0.5523465703971119
267,rte,5e-05,5,40,/content/drive/MyDrive/Masterarbeit/fantastic-umbrella/runs/run-20230614_192927,0.5,0.1,True,False,0.4657039711191336
268,rte,5e-05,10,80,/content/drive/MyDrive/Masterarbeit/fantastic-umbrella/runs/run-20230614_192955,0.5,0.1,True,False,0.4981949458483754
269,rte,5e-05,20,160,/content/drive/MyDrive/Masterarbeit/fantastic-umbrella/runs/run-20230614_193036,0.5,0.1,True,False,0.5342960288808665
270,rte,5e-05,5,390,/content/drive/MyDrive/Masterarbeit/fantastic-umbrella/runs/run-20230614_193143,0.5,1.0,False,True,0.516245487364621
271,rte,5e-05,10,780,/content/drive/MyDrive/Masterarbeit/fantastic-umbrella/runs/run-20230614_193445,0.5,1.0,False,True,0.5667870036101083
272,rte,5e-05,20,1560,/content/drive/MyDrive/Masterarbeit/fantastic-umbrella/runs/run-20230614_194035,0.5,1.0,False,True,0.4693140794223827
273,rte,5e-05,5,390,/content/drive/MyDrive/Masterarbeit/fantastic-umbrella/runs/run-20230614_195154,0.5,1.0,False,False,0.5270758122743683
274,rte,5e-05,10,780,/content/drive/MyDrive/Masterarbeit/fantastic-umbrella/runs/run-20230614_195340,0.5,1.0,False,False,0.5451263537906137
275,rte,5e-05,20,1560,/content/drive/MyDrive/Masterarbeit/fantastic-umbrella/runs/run-20230614_195656,0.5,1.0,False,False,0.5667870036101083
276,rte,5e-05,5,195,/content/drive/MyDrive/Masterarbeit/fantastic-umbrella/runs/run-20230614_200312,0.5,0.5,False,True,0.5018050541516246
277,rte,5e-05,10,390,/content/drive/MyDrive/Masterarbeit/fantastic-umbrella/runs/run-20230614_200451,0.5,0.5,False,True,0.5270758122743683
278,rte,5e-05,20,780,/content/drive/MyDrive/Masterarbeit/fantastic-umbrella/runs/run-20230614_200757,0.5,0.5,False,True,0.5487364620938628
279,rte,5e-05,5,195,/content/drive/MyDrive/Masterarbeit/fantastic-umbrella/runs/run-20230614_201351,0.5,0.5,False,False,0.5270758122743683
280,rte,5e-05,10,390,/content/drive/MyDrive/Masterarbeit/fantastic-umbrella/runs/run-20230614_201453,0.5,0.5,False,False,0.5342960288808665
281,rte,5e-05,20,780,/content/drive/MyDrive/Masterarbeit/fantastic-umbrella/runs/run-20230614_201644,0.5,0.5,False,False,0.5595667870036101
282,rte,5e-05,5,40,/content/drive/MyDrive/Masterarbeit/fantastic-umbrella/runs/run-20230614_202011,0.5,0.1,False,True,0.47653429602888087
283,rte,5e-05,10,80,/content/drive/MyDrive/Masterarbeit/fantastic-umbrella/runs/run-20230614_202049,0.5,0.1,False,True,0.48014440433212996
284,rte,5e-05,20,160,/content/drive/MyDrive/Masterarbeit/fantastic-umbrella/runs/run-20230614_202145,0.5,0.1,False,True,0.4981949458483754
285,rte,5e-05,5,40,/content/drive/MyDrive/Masterarbeit/fantastic-umbrella/runs/run-20230614_202320,0.5,0.1,False,False,0.4657039711191336
286,rte,5e-05,10,80,/content/drive/MyDrive/Masterarbeit/fantastic-umbrella/runs/run-20230614_202349,0.5,0.1,False,False,0.4981949458483754
287,rte,5e-05,20,160,/content/drive/MyDrive/Masterarbeit/fantastic-umbrella/runs/run-20230614_202430,0.5,0.1,False,False,0.5342960288808665
288,rte,5e-05,5,390,/content/drive/MyDrive/Masterarbeit/fantastic-umbrella/runs/run-20230614_202536,0.8,1.0,True,True,0.4332129963898917
289,rte,5e-05,10,780,/content/drive/MyDrive/Masterarbeit/fantastic-umbrella/runs/run-20230614_202839,0.8,1.0,True,True,0.44404332129963897
290,rte,5e-05,20,1560,/content/drive/MyDrive/Masterarbeit/fantastic-umbrella/runs/run-20230614_203429,0.8,1.0,True,True,0.44765342960288806
291,rte,5e-05,5,390,/content/drive/MyDrive/Masterarbeit/fantastic-umbrella/runs/run-20230614_204556,0.8,1.0,True,False,0.4548736462093863
292,rte,5e-05,10,780,/content/drive/MyDrive/Masterarbeit/fantastic-umbrella/runs/run-20230614_204744,0.8,1.0,True,False,0.5306859205776173
293,rte,5e-05,20,1560,/content/drive/MyDrive/Masterarbeit/fantastic-umbrella/runs/run-20230614_205101,0.8,1.0,True,False,0.5451263537906137
294,rte,5e-05,5,195,/content/drive/MyDrive/Masterarbeit/fantastic-umbrella/runs/run-20230615_060142,0.8,0.5,True,True,0.48014440433212996
295,rte,5e-05,10,390,/content/drive/MyDrive/Masterarbeit/fantastic-umbrella/runs/run-20230615_060334,0.8,0.5,True,True,0.4584837545126354
296,rte,5e-05,20,780,/content/drive/MyDrive/Masterarbeit/fantastic-umbrella/runs/run-20230615_060635,0.8,0.5,True,True,0.47653429602888087
297,rte,5e-05,5,195,/content/drive/MyDrive/Masterarbeit/fantastic-umbrella/runs/run-20230615_061223,0.8,0.5,True,False,0.4548736462093863
298,rte,5e-05,10,390,/content/drive/MyDrive/Masterarbeit/fantastic-umbrella/runs/run-20230615_061324,0.8,0.5,True,False,0.4548736462093863
299,rte,5e-05,20,780,/content/drive/MyDrive/Masterarbeit/fantastic-umbrella/runs/run-20230615_061511,0.8,0.5,True,False,0.5270758122743683
300,rte,5e-05,5,40,/content/drive/MyDrive/Masterarbeit/fantastic-umbrella/runs/run-20230615_061831,0.8,0.1,True,True,0.4548736462093863
301,rte,5e-05,10,80,/content/drive/MyDrive/Masterarbeit/fantastic-umbrella/runs/run-20230615_061906,0.8,0.1,True,True,0.4620938628158845
302,rte,5e-05,20,160,/content/drive/MyDrive/Masterarbeit/fantastic-umbrella/runs/run-20230615_062001,0.8,0.1,True,True,0.4620938628158845
303,rte,5e-05,5,40,/content/drive/MyDrive/Masterarbeit/fantastic-umbrella/runs/run-20230615_062135,0.8,0.1,True,False,0.4657039711191336
304,rte,5e-05,10,80,/content/drive/MyDrive/Masterarbeit/fantastic-umbrella/runs/run-20230615_062202,0.8,0.1,True,False,0.4657039711191336
305,rte,5e-05,20,160,/content/drive/MyDrive/Masterarbeit/fantastic-umbrella/runs/run-20230615_062242,0.8,0.1,True,False,0.4657039711191336
306,rte,5e-05,5,390,/content/drive/MyDrive/Masterarbeit/fantastic-umbrella/runs/run-20230615_062348,0.8,1.0,False,True,0.4404332129963899
307,rte,5e-05,10,780,/content/drive/MyDrive/Masterarbeit/fantastic-umbrella/runs/run-20230615_062644,0.8,1.0,False,True,0.4259927797833935
308,rte,5e-05,20,1560,/content/drive/MyDrive/Masterarbeit/fantastic-umbrella/runs/run-20230615_063220,0.8,1.0,False,True,0.44404332129963897
309,rte,5e-05,5,390,/content/drive/MyDrive/Masterarbeit/fantastic-umbrella/runs/run-20230615_064321,0.8,1.0,False,False,0.4548736462093863
310,rte,5e-05,10,780,/content/drive/MyDrive/Masterarbeit/fantastic-umbrella/runs/run-20230615_064505,0.8,1.0,False,False,0.5306859205776173
311,rte,5e-05,20,1560,/content/drive/MyDrive/Masterarbeit/fantastic-umbrella/runs/run-20230615_064818,0.8,1.0,False,False,0.5451263537906137
312,rte,5e-05,5,195,/content/drive/MyDrive/Masterarbeit/fantastic-umbrella/runs/run-20230615_065426,0.8,0.5,False,True,0.4332129963898917
313,rte,5e-05,10,390,/content/drive/MyDrive/Masterarbeit/fantastic-umbrella/runs/run-20230615_065605,0.8,0.5,False,True,0.516245487364621
314,rte,5e-05,20,780,/content/drive/MyDrive/Masterarbeit/fantastic-umbrella/runs/run-20230615_065905,0.8,0.5,False,True,0.4657039711191336
315,rte,5e-05,5,195,/content/drive/MyDrive/Masterarbeit/fantastic-umbrella/runs/run-20230615_070450,0.8,0.5,False,False,0.4548736462093863
316,rte,5e-05,10,390,/content/drive/MyDrive/Masterarbeit/fantastic-umbrella/runs/run-20230615_070552,0.8,0.5,False,False,0.4548736462093863
317,rte,5e-05,20,780,/content/drive/MyDrive/Masterarbeit/fantastic-umbrella/runs/run-20230615_070740,0.8,0.5,False,False,0.5270758122743683
318,rte,5e-05,5,40,/content/drive/MyDrive/Masterarbeit/fantastic-umbrella/runs/run-20230615_071058,0.8,0.1,False,True,0.4548736462093863
319,rte,5e-05,10,80,/content/drive/MyDrive/Masterarbeit/fantastic-umbrella/runs/run-20230615_071133,0.8,0.1,False,True,0.4620938628158845
320,rte,5e-05,20,160,/content/drive/MyDrive/Masterarbeit/fantastic-umbrella/runs/run-20230615_071229,0.8,0.1,False,True,0.45126353790613716
321,rte,5e-05,5,40,/content/drive/MyDrive/Masterarbeit/fantastic-umbrella/runs/run-20230615_071403,0.8,0.1,False,False,0.4657039711191336
322,rte,5e-05,10,80,/content/drive/MyDrive/Masterarbeit/fantastic-umbrella/runs/run-20230615_071431,0.8,0.1,False,False,0.4657039711191336
323,rte,5e-05,20,160,/content/drive/MyDrive/Masterarbeit/fantastic-umbrella/runs/run-20230615_071510,0.8,0.1,False,False,0.4657039711191336
324,rte,1e-05,5,390,/content/drive/MyDrive/Masterarbeit/fantastic-umbrella/runs/run-20230615_071614,0.1,1.0,True,True,0.6389891696750902
325,rte,1e-05,10,780,/content/drive/MyDrive/Masterarbeit/fantastic-umbrella/runs/run-20230615_071913,0.1,1.0,True,True,0.6750902527075813
326,rte,1e-05,20,1560,/content/drive/MyDrive/Masterarbeit/fantastic-umbrella/runs/run-20230615_072455,0.1,1.0,True,True,0.6425992779783394
327,rte,1e-05,5,390,/content/drive/MyDrive/Masterarbeit/fantastic-umbrella/runs/run-20230615_073602,0.1,1.0,True,False,0.6534296028880866
328,rte,1e-05,10,780,/content/drive/MyDrive/Masterarbeit/fantastic-umbrella/runs/run-20230615_073745,0.1,1.0,True,False,0.6606498194945848
329,rte,1e-05,20,1560,/content/drive/MyDrive/Masterarbeit/fantastic-umbrella/runs/run-20230615_074058,0.1,1.0,True,False,0.6498194945848376
330,rte,1e-05,5,195,/content/drive/MyDrive/Masterarbeit/fantastic-umbrella/runs/run-20230615_074708,0.1,0.5,True,True,0.5740072202166066
331,rte,1e-05,10,390,/content/drive/MyDrive/Masterarbeit/fantastic-umbrella/runs/run-20230615_074848,0.1,0.5,True,True,0.592057761732852
332,rte,1e-05,20,780,/content/drive/MyDrive/Masterarbeit/fantastic-umbrella/runs/run-20230615_075151,0.1,0.5,True,True,0.6209386281588448
333,rte,1e-05,5,195,/content/drive/MyDrive/Masterarbeit/fantastic-umbrella/runs/run-20230615_075738,0.1,0.5,True,False,0.592057761732852
334,rte,1e-05,10,390,/content/drive/MyDrive/Masterarbeit/fantastic-umbrella/runs/run-20230615_075840,0.1,0.5,True,False,0.5992779783393501
335,rte,1e-05,20,780,/content/drive/MyDrive/Masterarbeit/fantastic-umbrella/runs/run-20230615_080028,0.1,0.5,True,False,0.6064981949458483
336,rte,1e-05,5,40,/content/drive/MyDrive/Masterarbeit/fantastic-umbrella/runs/run-20230615_080348,0.1,0.1,True,True,0.5270758122743683
337,rte,1e-05,10,80,/content/drive/MyDrive/Masterarbeit/fantastic-umbrella/runs/run-20230615_080424,0.1,0.1,True,True,0.555956678700361
338,rte,1e-05,20,160,/content/drive/MyDrive/Masterarbeit/fantastic-umbrella/runs/run-20230615_080519,0.1,0.1,True,True,0.5631768953068592
339,rte,1e-05,5,40,/content/drive/MyDrive/Masterarbeit/fantastic-umbrella/runs/run-20230615_080653,0.1,0.1,True,False,0.516245487364621
340,rte,1e-05,10,80,/content/drive/MyDrive/Masterarbeit/fantastic-umbrella/runs/run-20230615_080720,0.1,0.1,True,False,0.5487364620938628
341,rte,1e-05,20,160,/content/drive/MyDrive/Masterarbeit/fantastic-umbrella/runs/run-20230615_080802,0.1,0.1,True,False,0.5740072202166066
342,rte,1e-05,5,390,/content/drive/MyDrive/Masterarbeit/fantastic-umbrella/runs/run-20230615_080906,0.1,1.0,False,True,0.6606498194945848
343,rte,1e-05,10,780,/content/drive/MyDrive/Masterarbeit/fantastic-umbrella/runs/run-20230615_081201,0.1,1.0,False,True,0.6245487364620939
344,rte,1e-05,20,1560,/content/drive/MyDrive/Masterarbeit/fantastic-umbrella/runs/run-20230615_081741,0.1,1.0,False,True,0.6498194945848376
345,rte,1e-05,5,390,/content/drive/MyDrive/Masterarbeit/fantastic-umbrella/runs/run-20230615_082844,0.1,1.0,False,False,0.6534296028880866
346,rte,1e-05,10,780,/content/drive/MyDrive/Masterarbeit/fantastic-umbrella/runs/run-20230615_083028,0.1,1.0,False,False,0.6606498194945848
347,rte,1e-05,20,1560,/content/drive/MyDrive/Masterarbeit/fantastic-umbrella/runs/run-20230615_083340,0.1,1.0,False,False,0.6498194945848376
348,rte,1e-05,5,195,/content/drive/MyDrive/Masterarbeit/fantastic-umbrella/runs/run-20230615_083949,0.1,0.5,False,True,0.5992779783393501
349,rte,1e-05,10,390,/content/drive/MyDrive/Masterarbeit/fantastic-umbrella/runs/run-20230615_084127,0.1,0.5,False,True,0.6101083032490975
350,rte,1e-05,20,780,/content/drive/MyDrive/Masterarbeit/fantastic-umbrella/runs/run-20230615_084427,0.1,0.5,False,True,0.5848375451263538
351,rte,1e-05,5,195,/content/drive/MyDrive/Masterarbeit/fantastic-umbrella/runs/run-20230615_085016,0.1,0.5,False,False,0.592057761732852
352,rte,1e-05,10,390,/content/drive/MyDrive/Masterarbeit/fantastic-umbrella/runs/run-20230615_085117,0.1,0.5,False,False,0.5992779783393501
353,rte,1e-05,20,780,/content/drive/MyDrive/Masterarbeit/fantastic-umbrella/runs/run-20230615_085305,0.1,0.5,False,False,0.6064981949458483
354,rte,1e-05,5,40,/content/drive/MyDrive/Masterarbeit/fantastic-umbrella/runs/run-20230615_085624,0.1,0.1,False,True,0.47653429602888087
355,rte,1e-05,10,80,/content/drive/MyDrive/Masterarbeit/fantastic-umbrella/runs/run-20230615_085659,0.1,0.1,False,True,0.5595667870036101
356,rte,1e-05,20,160,/content/drive/MyDrive/Masterarbeit/fantastic-umbrella/runs/run-20230615_085753,0.1,0.1,False,True,0.5595667870036101
357,rte,1e-05,5,40,/content/drive/MyDrive/Masterarbeit/fantastic-umbrella/runs/run-20230615_085928,0.1,0.1,False,False,0.516245487364621
358,rte,1e-05,10,80,/content/drive/MyDrive/Masterarbeit/fantastic-umbrella/runs/run-20230615_085955,0.1,0.1,False,False,0.5487364620938628
359,rte,1e-05,20,160,/content/drive/MyDrive/Masterarbeit/fantastic-umbrella/runs/run-20230615_090036,0.1,0.1,False,False,0.5740072202166066
360,rte,1e-05,5,390,/content/drive/MyDrive/Masterarbeit/fantastic-umbrella/runs/run-20230615_090139,0.5,1.0,True,True,0.4657039711191336
361,rte,1e-05,10,780,/content/drive/MyDrive/Masterarbeit/fantastic-umbrella/runs/run-20230615_090437,0.5,1.0,True,True,0.48375451263537905
362,rte,1e-05,20,1560,/content/drive/MyDrive/Masterarbeit/fantastic-umbrella/runs/run-20230615_091018,0.5,1.0,True,True,0.5740072202166066
363,rte,1e-05,5,390,/content/drive/MyDrive/Masterarbeit/fantastic-umbrella/runs/run-20230615_092124,0.5,1.0,True,False,0.45126353790613716
364,rte,1e-05,10,780,/content/drive/MyDrive/Masterarbeit/fantastic-umbrella/runs/run-20230615_092309,0.5,1.0,True,False,0.5415162454873647
365,rte,1e-05,20,1560,/content/drive/MyDrive/Masterarbeit/fantastic-umbrella/runs/run-20230615_092620,0.5,1.0,True,False,0.5270758122743683
366,rte,1e-05,5,195,/content/drive/MyDrive/Masterarbeit/fantastic-umbrella/runs/run-20230615_093230,0.5,0.5,True,True,0.4981949458483754
367,rte,1e-05,10,390,/content/drive/MyDrive/Masterarbeit/fantastic-umbrella/runs/run-20230615_093408,0.5,0.5,True,True,0.5054151624548736
368,rte,1e-05,20,780,/content/drive/MyDrive/Masterarbeit/fantastic-umbrella/runs/run-20230615_093709,0.5,0.5,True,True,0.5270758122743683
369,rte,1e-05,5,195,/content/drive/MyDrive/Masterarbeit/fantastic-umbrella/runs/run-20230615_094257,0.5,0.5,True,False,0.44404332129963897
370,rte,1e-05,10,390,/content/drive/MyDrive/Masterarbeit/fantastic-umbrella/runs/run-20230615_094400,0.5,0.5,True,False,0.4620938628158845
371,rte,1e-05,20,780,/content/drive/MyDrive/Masterarbeit/fantastic-umbrella/runs/run-20230615_094548,0.5,0.5,True,False,0.5234657039711191
372,rte,1e-05,5,40,/content/drive/MyDrive/Masterarbeit/fantastic-umbrella/runs/run-20230615_094908,0.5,0.1,True,True,0.44765342960288806
373,rte,1e-05,10,80,/content/drive/MyDrive/Masterarbeit/fantastic-umbrella/runs/run-20230615_094943,0.5,0.1,True,True,0.44765342960288806
374,rte,1e-05,20,160,/content/drive/MyDrive/Masterarbeit/fantastic-umbrella/runs/run-20230615_095038,0.5,0.1,True,True,0.45126353790613716
375,rte,1e-05,10,80,/content/drive/MyDrive/Masterarbeit/fantastic-umbrella/runs/run-20230615_095240,0.5,0.1,True,False,0.44404332129963897
376,rte,1e-05,5,40,/content/drive/MyDrive/Masterarbeit/fantastic-umbrella/runs/run-20230615_095212,0.5,0.1,True,False,0.4548736462093863
377,rte,1e-05,20,160,/content/drive/MyDrive/Masterarbeit/fantastic-umbrella/runs/run-20230615_095320,0.5,0.1,True,False,0.44765342960288806
378,rte,1e-05,5,390,/content/drive/MyDrive/Masterarbeit/fantastic-umbrella/runs/run-20230615_095424,0.5,1.0,False,True,0.49097472924187724
379,rte,1e-05,10,780,/content/drive/MyDrive/Masterarbeit/fantastic-umbrella/runs/run-20230615_095720,0.5,1.0,False,True,0.5090252707581228
380,rte,1e-05,20,1560,/content/drive/MyDrive/Masterarbeit/fantastic-umbrella/runs/run-20230615_100259,0.5,1.0,False,True,0.5740072202166066
381,rte,1e-05,5,390,/content/drive/MyDrive/Masterarbeit/fantastic-umbrella/runs/run-20230615_101401,0.5,1.0,False,False,0.45126353790613716
382,rte,1e-05,10,780,/content/drive/MyDrive/Masterarbeit/fantastic-umbrella/runs/run-20230615_101545,0.5,1.0,False,False,0.5415162454873647
383,rte,1e-05,20,1560,/content/drive/MyDrive/Masterarbeit/fantastic-umbrella/runs/run-20230615_101858,0.5,1.0,False,False,0.5270758122743683
384,rte,1e-05,5,195,/content/drive/MyDrive/Masterarbeit/fantastic-umbrella/runs/run-20230615_102507,0.5,0.5,False,True,0.5054151624548736
385,rte,1e-05,10,390,/content/drive/MyDrive/Masterarbeit/fantastic-umbrella/runs/run-20230615_102645,0.5,0.5,False,True,0.48736462093862815
386,rte,1e-05,20,780,/content/drive/MyDrive/Masterarbeit/fantastic-umbrella/runs/run-20230615_102949,0.5,0.5,False,True,0.5270758122743683
387,rte,1e-05,5,195,/content/drive/MyDrive/Masterarbeit/fantastic-umbrella/runs/run-20230615_103534,0.5,0.5,False,False,0.44404332129963897
388,rte,1e-05,10,390,/content/drive/MyDrive/Masterarbeit/fantastic-umbrella/runs/run-20230615_103636,0.5,0.5,False,False,0.4620938628158845
389,rte,1e-05,20,780,/content/drive/MyDrive/Masterarbeit/fantastic-umbrella/runs/run-20230615_103823,0.5,0.5,False,False,0.5234657039711191
390,rte,1e-05,5,40,/content/drive/MyDrive/Masterarbeit/fantastic-umbrella/runs/run-20230615_104143,0.5,0.1,False,True,0.45126353790613716
391,rte,1e-05,10,80,/content/drive/MyDrive/Masterarbeit/fantastic-umbrella/runs/run-20230615_104218,0.5,0.1,False,True,0.44404332129963897
392,rte,1e-05,20,160,/content/drive/MyDrive/Masterarbeit/fantastic-umbrella/runs/run-20230615_104313,0.5,0.1,False,True,0.44765342960288806
393,rte,1e-05,5,40,/content/drive/MyDrive/Masterarbeit/fantastic-umbrella/runs/run-20230615_104447,0.5,0.1,False,False,0.4548736462093863
394,rte,1e-05,10,80,/content/drive/MyDrive/Masterarbeit/fantastic-umbrella/runs/run-20230615_104517,0.5,0.1,False,False,0.44404332129963897
395,rte,1e-05,20,160,/content/drive/MyDrive/Masterarbeit/fantastic-umbrella/runs/run-20230615_104600,0.5,0.1,False,False,0.44765342960288806
396,rte,1e-05,5,390,/content/drive/MyDrive/Masterarbeit/fantastic-umbrella/runs/run-20230615_104705,0.8,1.0,True,True,0.44404332129963897
397,rte,1e-05,10,780,/content/drive/MyDrive/Masterarbeit/fantastic-umbrella/runs/run-20230615_105002,0.8,1.0,True,True,0.4368231046931408
398,rte,1e-05,20,1560,/content/drive/MyDrive/Masterarbeit/fantastic-umbrella/runs/run-20230615_105543,0.8,1.0,True,True,0.4332129963898917
399,rte,1e-05,5,390,/content/drive/MyDrive/Masterarbeit/fantastic-umbrella/runs/run-20230615_110650,0.8,1.0,True,False,0.45126353790613716
400,rte,1e-05,10,780,/content/drive/MyDrive/Masterarbeit/fantastic-umbrella/runs/run-20230615_110836,0.8,1.0,True,False,0.44765342960288806
401,rte,1e-05,20,1560,/content/drive/MyDrive/Masterarbeit/fantastic-umbrella/runs/run-20230615_111149,0.8,1.0,True,False,0.44404332129963897
402,rte,1e-05,5,195,/content/drive/MyDrive/Masterarbeit/fantastic-umbrella/runs/run-20230615_111757,0.8,0.5,True,True,0.45126353790613716
403,rte,1e-05,10,390,/content/drive/MyDrive/Masterarbeit/fantastic-umbrella/runs/run-20230615_111936,0.8,0.5,True,True,0.4404332129963899
404,rte,1e-05,20,780,/content/drive/MyDrive/Masterarbeit/fantastic-umbrella/runs/run-20230615_112239,0.8,0.5,True,True,0.4584837545126354
405,rte,1e-05,5,195,/content/drive/MyDrive/Masterarbeit/fantastic-umbrella/runs/run-20230615_112828,0.8,0.5,True,False,0.4548736462093863
406,rte,1e-05,10,390,/content/drive/MyDrive/Masterarbeit/fantastic-umbrella/runs/run-20230615_112930,0.8,0.5,True,False,0.45126353790613716
407,rte,1e-05,20,780,/content/drive/MyDrive/Masterarbeit/fantastic-umbrella/runs/run-20230615_113118,0.8,0.5,True,False,0.45126353790613716
408,rte,1e-05,5,40,/content/drive/MyDrive/Masterarbeit/fantastic-umbrella/runs/run-20230615_113439,0.8,0.1,True,True,0.44404332129963897
409,rte,1e-05,10,80,/content/drive/MyDrive/Masterarbeit/fantastic-umbrella/runs/run-20230615_113514,0.8,0.1,True,True,0.44404332129963897
410,rte,1e-05,20,160,/content/drive/MyDrive/Masterarbeit/fantastic-umbrella/runs/run-20230615_113610,0.8,0.1,True,True,0.44765342960288806
411,rte,1e-05,5,40,/content/drive/MyDrive/Masterarbeit/fantastic-umbrella/runs/run-20230615_113745,0.8,0.1,True,False,0.45126353790613716
412,rte,1e-05,10,80,/content/drive/MyDrive/Masterarbeit/fantastic-umbrella/runs/run-20230615_113813,0.8,0.1,True,False,0.4548736462093863
413,rte,1e-05,20,160,/content/drive/MyDrive/Masterarbeit/fantastic-umbrella/runs/run-20230615_113854,0.8,0.1,True,False,0.4729241877256318
414,rte,1e-05,5,390,/content/drive/MyDrive/Masterarbeit/fantastic-umbrella/runs/run-20230615_113957,0.8,1.0,False,True,0.44765342960288806
415,rte,1e-05,10,780,/content/drive/MyDrive/Masterarbeit/fantastic-umbrella/runs/run-20230615_114253,0.8,1.0,False,True,0.4368231046931408
416,rte,1e-05,20,1560,/content/drive/MyDrive/Masterarbeit/fantastic-umbrella/runs/run-20230615_114832,0.8,1.0,False,True,0.4332129963898917
417,rte,1e-05,5,390,/content/drive/MyDrive/Masterarbeit/fantastic-umbrella/runs/run-20230615_115934,0.8,1.0,False,False,0.45126353790613716
418,rte,1e-05,10,780,/content/drive/MyDrive/Masterarbeit/fantastic-umbrella/runs/run-20230615_120117,0.8,1.0,False,False,0.44765342960288806
419,rte,1e-05,20,1560,/content/drive/MyDrive/Masterarbeit/fantastic-umbrella/runs/run-20230615_120428,0.8,1.0,False,False,0.44404332129963897
420,rte,1e-05,5,195,/content/drive/MyDrive/Masterarbeit/fantastic-umbrella/runs/run-20230615_121037,0.8,0.5,False,True,0.4548736462093863
421,rte,1e-05,10,390,/content/drive/MyDrive/Masterarbeit/fantastic-umbrella/runs/run-20230615_121216,0.8,0.5,False,True,0.4404332129963899
422,rte,1e-05,20,780,/content/drive/MyDrive/Masterarbeit/fantastic-umbrella/runs/run-20230615_121516,0.8,0.5,False,True,0.4548736462093863
423,rte,1e-05,5,195,/content/drive/MyDrive/Masterarbeit/fantastic-umbrella/runs/run-20230615_122101,0.8,0.5,False,False,0.4548736462093863
424,rte,1e-05,10,390,/content/drive/MyDrive/Masterarbeit/fantastic-umbrella/runs/run-20230615_122202,0.8,0.5,False,False,0.45126353790613716
425,rte,1e-05,20,780,/content/drive/MyDrive/Masterarbeit/fantastic-umbrella/runs/run-20230615_122351,0.8,0.5,False,False,0.45126353790613716
426,rte,1e-05,5,40,/content/drive/MyDrive/Masterarbeit/fantastic-umbrella/runs/run-20230615_122711,0.8,0.1,False,True,0.44404332129963897
427,rte,1e-05,10,80,/content/drive/MyDrive/Masterarbeit/fantastic-umbrella/runs/run-20230615_122746,0.8,0.1,False,True,0.45126353790613716
428,rte,1e-05,20,160,/content/drive/MyDrive/Masterarbeit/fantastic-umbrella/runs/run-20230615_122841,0.8,0.1,False,True,0.45126353790613716
429,rte,1e-05,10,80,/content/drive/MyDrive/Masterarbeit/fantastic-umbrella/runs/run-20230615_123042,0.8,0.1,False,False,0.4548736462093863
430,rte,1e-05,5,40,/content/drive/MyDrive/Masterarbeit/fantastic-umbrella/runs/run-20230615_123014,0.8,0.1,False,False,0.45126353790613716
431,rte,1e-05,20,160,/content/drive/MyDrive/Masterarbeit/fantastic-umbrella/runs/run-20230615_123123,0.8,0.1,False,False,0.4729241877256318
